word,meaning,n,ke,te,inte,nice,ice,ine,ene,cn,she,ixe,esis,ese
Yiddish,English,0,0,0,0,0,0,0,0,0,0,0,0,0
nudnik,"a boring person, an annoying person, a pest, a nag",0,0,0,0,0,0,0,0,0,0,0,6,0
dreykop,a person who is often confused,0,0,0,0,0,0,0,0,0,0,0,0,0
boykh,"abdomen, belly, tummy",0,0,0,0,0,0,0,0,0,0,0,0,0
shprakhfarmog,ability to speak,0,0,0,0,0,0,0,0,0,0,0,0,0
abort,abortion,0,0,0,0,0,0,0,0,0,0,0,0,0
abstraktsye,abstraction,0,0,0,0,0,0,0,0,0,0,0,0,0
absurd,absurdity,0,0,0,0,0,0,0,0,0,0,0,0,0
aktsent,accent,0,0,0,0,0,0,0,0,0,0,0,0,0
tsufal,"accident, chance, coincidence",0,0,0,0,0,0,0,0,0,0,0,0,0
oyftu,"accomplishment, achievement, feat",0,0,0,0,0,0,0,0,0,0,0,0,0
dergreykh,accomplishment; achievement,0,0,12,0,0,0,0,0,0,0,0,0,0
kheshbn,"account, accounting, bill, calculation",0,0,0,0,0,0,0,0,0,0,0,0,0
akt,"act, deed",0,0,0,0,0,0,0,0,0,0,0,0,0
shoyshpiler,actor,11,0,0,0,0,0,0,0,0,0,0,0,0
aktyor,actor,0,0,0,0,0,0,0,0,0,0,0,0,0
adaptirer,adapter,0,0,0,0,0,0,0,0,0,0,0,0,0
oder,"Adar, the 6th month in the Jewish calendar",0,0,0,0,0,0,0,0,0,0,0,0,0
adres,address (mail),0,0,0,0,0,0,0,0,0,0,0,0,0
adyektiv,adjective,0,0,0,0,0,0,0,0,0,0,0,0,0
vaythalter,advanced student,0,0,0,0,0,0,0,0,0,0,0,0,0
adverb,adverb,0,0,0,0,0,0,0,0,0,0,0,0,0
elter,age,0,0,0,0,0,0,0,0,0,0,0,0,0
agent,agent,1,1,0,0,0,0,0,0,0,0,0,0,0
agresor,aggressor,0,0,0,0,0,0,0,0,0,0,0,0,0
opmakh,agreement,0,0,0,0,0,0,0,0,0,0,0,0,0
aeroplan,airplane,0,0,0,0,0,0,0,0,0,0,0,0,0
ayroplan,airplane,0,0,0,0,0,0,0,0,0,0,0,0,0
veker,alarm clock,0,0,0,0,0,0,0,0,0,0,0,0,0
alkohol,alcohol,0,0,0,0,0,0,0,0,0,0,0,0,0
alef,"alef, 1st letter of the Yiddish alphabet",0,0,0,0,0,0,0,0,0,0,0,0,0
mandl,almond,0,0,0,0,0,0,0,0,0,0,0,0,0
alef-beys,alphabet (Jewish),0,0,0,0,0,0,0,0,0,0,0,0,0
alfabet,alphabet (non-Jewish),0,0,0,0,0,0,0,0,0,0,0,0,0
aluminium,aluminum,0,0,0,0,0,0,0,0,0,0,0,0,0
amator,amatuer,0,0,0,0,0,0,0,0,0,0,0,0,0
ambulans,ambulance,0,0,0,0,0,0,0,0,0,0,0,0,0
amerikaner,American (person),9,0,0,0,0,0,0,0,0,0,0,0,0
analiz,analysis,0,0,0,0,0,0,0,0,0,0,0,0,0
anarkhist,anarchist,0,1,0,0,0,0,0,0,0,0,0,0,0
ov,"ancestor, patriarch",0,0,0,0,0,0,0,0,0,0,0,130,0
anekdot,anecdote,0,0,0,0,0,0,0,0,0,0,0,0,0
malekh,angel,0,0,0,0,0,0,0,0,0,0,0,0,0
malekhamoves,angel of death,0,0,0,0,0,0,0,0,0,0,0,0,0
kas,anger,0,0,4,0,0,0,0,0,0,0,0,20,0
beyzer,anger; indignation,0,0,0,0,0,0,0,0,0,0,0,0,0
vinkl,angle; corner; part (of a region); groin,0,0,0,0,0,0,0,0,0,0,0,0,0
yortog,anniversary,0,0,0,0,0,0,0,0,0,0,0,0,0
onzog,"announcement, message",0,0,0,0,0,0,0,0,0,0,0,0,0
zoger,announcer,4,2,0,0,0,0,0,0,0,0,0,0,0
entfer,"answer, reply",0,1,0,0,0,0,0,0,0,0,0,0,0
murashnik,anthill,0,0,0,0,0,0,0,0,0,0,0,0,0
antisemit,anti-semite,0,0,0,0,0,0,0,0,0,0,0,0,0
antisemitizm,anti-semitism,0,0,0,0,0,0,0,0,0,0,0,0,0
antik,"antique, rarity",0,0,0,0,0,0,0,0,0,0,0,0,0
apel,appeal; roll-call,0,0,0,0,0,0,0,0,0,0,0,0,0
apetit,appetite,0,0,0,0,0,0,0,0,0,0,0,0,0
epl,apple,0,0,0,0,0,0,0,0,0,0,0,0,0
eplzaft,apple cider,0,0,0,0,0,0,0,0,0,0,0,0,0
eplboym,apple tree,0,0,0,0,0,0,0,0,0,0,0,0,0
tsugang,"approach, attitude",0,0,0,0,0,0,0,0,0,0,0,0,0
april,April,0,0,0,0,0,0,0,0,0,0,0,2,0
fartekh,apron,0,0,0,0,0,0,0,0,0,0,0,0,0
araber,Arab (person),0,0,0,0,0,0,0,0,0,0,0,0,0
mutvil,arbitrariness,0,0,0,0,0,0,0,0,0,0,0,0,0
fayln-boyger,archer,0,0,0,0,0,0,0,0,0,0,0,0,0
arkhitekt,architect,0,0,0,0,0,0,0,0,0,0,0,0,0
arkhiv,archive,0,0,0,0,0,0,0,0,0,0,0,0,0
ayz-yam,Arctic ocean,0,0,0,0,0,0,0,0,0,0,0,0,0
shetekh,area; domain; tract,0,0,0,0,0,0,0,0,0,0,0,0,0
aristokrat,aristocrat,0,0,0,0,0,0,0,0,0,0,0,0,0
meyukhes,aristocratic descent (a man of aristocratic descent),0,0,0,0,0,0,0,0,0,0,0,2,0
orem,arm,0,0,0,0,0,0,0,0,0,0,0,0,0
armener,Armenian (man),0,0,0,0,0,0,0,0,0,0,0,0,0
gadlen,arrogant person,0,0,0,0,0,0,0,0,0,0,0,0,0
artikl,article (grammar),0,0,0,0,0,0,0,0,0,0,0,0,0
maymer,"article (lengthy, boring), treatise",0,0,0,0,0,0,0,0,0,0,0,0,0
artikl,article; learned paper,0,0,0,0,0,0,0,0,0,0,0,0,0
kinstler,artist,54,0,0,0,0,0,0,0,0,0,0,0,0
ashboym,ash tree,0,0,0,0,0,0,0,0,0,0,0,0,0
ashkenaz,Ashkenazi (person),0,0,0,0,0,0,0,0,0,0,0,0,0
azye,Asia,0,0,0,0,0,0,0,0,0,0,0,0,0
shtreb,"aspiration, striving",0,0,0,0,0,0,0,0,0,0,0,0,0
aspirin,aspirin,0,0,0,0,0,0,0,0,0,0,0,0,0
farband,"association, union",0,0,0,0,0,0,0,0,0,0,0,0,0
oysklayb,assortment; choice,0,0,0,0,0,0,0,0,0,0,0,0,0
opklayb,assortment; choice,0,0,0,0,0,0,0,0,0,0,0,0,0
astronoyt,astronaut,0,0,0,0,0,0,0,0,0,0,0,0,0
shternflier,astronaut,0,0,0,0,0,0,0,0,0,0,0,0,0
astronat,astronaut,0,0,0,0,0,0,0,0,0,0,0,0,0
astronom,astronomer,0,0,0,0,0,0,0,0,0,0,0,0,0
atom,atom,0,0,0,0,0,0,0,0,0,0,0,0,0
pruv,"attempt, try",0,0,0,0,0,0,0,0,0,0,0,0,0
oyfmerk,attention,0,0,0,0,0,0,0,0,0,0,0,0,0
aynkuk,attention; scrutiny,0,0,0,0,0,0,0,0,0,0,0,0,0
oyfvayz,attestation,0,0,0,0,0,0,0,0,0,0,0,0,0
boydem,attic,0,0,0,0,0,0,0,0,0,0,0,0,0
bikher-revizior,auditor,0,0,0,0,0,0,0,0,0,0,0,0,0
oygust,August,0,0,0,0,0,0,0,0,0,0,0,0,0
mekhaber,author,39,0,23,0,0,0,0,0,0,0,0,0,0
reshus,"authority, permission, clearance",0,0,0,0,0,0,0,0,0,0,0,0,0
oytomobil,"automobile, car",0,0,0,0,0,0,0,0,0,0,0,0,0
osyen,Autumn,0,0,0,0,0,0,0,0,0,0,0,0,0
hilfsverb,auxiliary verb (grammar),0,0,0,0,0,0,0,0,0,0,0,0,0
durkshnit,average,0,0,0,0,0,0,0,0,0,0,0,0,0
pahked,awe,0,0,0,0,0,0,0,0,0,0,0,0,0
hintele,"baby dog, puppy, sweet little dog",0,0,0,0,0,0,0,0,0,0,0,0,0
kinderhiter,babysitter,0,0,0,0,0,0,0,0,0,0,0,0,0
hintergrunt,background,0,0,0,0,0,0,0,0,0,0,0,0,0
moyl-reyekh,"bad breath, halitosis",0,0,0,0,0,0,0,0,0,0,0,0,0
zak,"bag, sack",0,0,0,0,0,0,0,0,0,0,0,0,0
beygl,bagel,0,0,0,0,0,0,0,0,0,0,0,0,0
bagazh,"baggage, luggage",0,0,0,0,0,0,0,0,0,0,0,0,0
beker,baker,0,0,0,0,0,0,0,0,0,0,0,0,0
baln,bale (of hay),0,0,0,0,0,0,0,0,0,0,0,0,0
bal,ball,0,2,5,0,0,0,0,0,0,0,0,0,0
balet,ballet,0,0,0,0,0,0,0,0,0,0,0,0,0
balon,balloon,0,0,0,0,0,0,0,0,0,0,0,3,0
banan,banana,0,0,0,0,0,0,0,0,0,0,0,8,0
bandit,"bandit, gangster",0,1,0,0,0,0,0,0,0,0,0,0,0
bandzsho,banjo,0,0,0,0,0,0,0,0,0,0,0,0,0
banket,banquet,0,0,0,0,0,0,0,0,0,0,0,0,0
sherer,barber,0,0,0,0,0,0,0,0,0,0,0,0,0
gersht,barley grain,0,0,0,0,0,0,0,3,0,0,0,0,0
krupnik,barley soup,0,0,0,0,0,0,0,0,0,0,0,0,0
shayer,barn,0,0,0,0,0,0,0,0,0,0,0,0,0
baron,baron,0,0,0,0,0,0,0,0,0,0,0,0,1
barak,barrack,0,0,0,0,0,0,0,0,0,0,0,0,0
beysbol,baseball (the game or the ball),0,0,0,0,0,0,0,0,0,0,0,0,0
bit,"basin, tub",0,0,0,0,0,0,0,0,0,1,0,4,0
yesod,"basis, foundation, footing, groundwork",0,0,0,0,0,0,0,0,0,0,0,0,0
mamzer,bastard,0,0,0,0,0,0,0,0,0,0,0,0,0
bodkostum,bathing suit,0,0,0,0,0,0,0,0,0,0,0,0,0
vashtsimer,bathroom,0,0,0,0,0,0,0,0,0,0,0,0,0
bagnet,bayonet,0,0,0,0,0,0,0,0,0,0,0,0,0
breg,beach,0,0,0,0,0,0,0,0,0,0,0,25,0
shaynturem,"beacon, lighthouse",0,0,0,0,0,0,0,0,0,0,0,0,0
balkn,beam; girder; rafter,0,0,0,0,0,0,0,0,0,0,0,0,0
bob,bean,0,0,0,0,0,0,0,0,0,0,0,103,0
ber,bear,0,3,2,3,0,0,0,0,0,0,0,0,0
biber,beaver,0,0,0,0,0,0,0,0,0,0,0,0,0
shloftsimer,bedroom,0,0,0,0,0,0,0,0,0,0,0,0,0
iberdek,bedspread,0,0,0,0,0,0,0,0,0,0,0,0,0
burik,beet,0,0,0,0,0,0,0,0,0,0,0,9,0
zshuk,beetle,0,0,0,0,0,0,0,0,0,0,0,0,0
khrushtsh,beetle,0,0,0,0,0,0,0,0,0,0,0,0,0
betler,beggar,1,2,0,0,0,0,0,0,0,0,0,0,0
shleper,"beggar, bum, tramp; an ineffuctual person",0,0,0,0,0,0,0,0,0,0,0,0,0
shnorer,"beggar; sponger, moocher, parasite",1,0,0,0,0,0,0,0,0,0,0,0,0
onheyber,beginner,0,0,0,0,0,0,0,0,0,0,0,0,0
onheyb,beginning,0,0,0,0,0,0,0,0,0,0,0,0,0
gloybn,"belief, conviction",0,0,0,0,0,0,0,0,0,0,0,0,0
pupik,"bellybutton, navel",0,0,0,0,0,0,0,0,0,0,0,0,0
oysbeyg,bend,0,0,0,0,0,0,0,0,0,0,0,0,0
beyg,"bend, twist, curve",0,0,0,0,0,0,0,0,0,0,0,0,0
voyltuer,benefactor,0,0,0,0,0,0,0,0,0,0,0,0,0
bal-toyve,benefactor,0,0,0,0,0,0,0,0,0,0,0,0,0
vet,"bet, wager",0,0,0,0,0,0,0,0,0,0,0,1,0
tanakh,Bible (Jewish),0,0,0,0,0,0,0,0,0,0,0,0,0
biolog,biologist,0,0,0,0,0,0,0,0,0,0,0,0,0
foygl,bird,0,0,1,0,0,0,0,0,0,4,0,0,0
geboyrn-tog,birthday,0,0,0,0,0,0,0,0,0,0,0,0,0
geburtstog,birthday,0,0,0,0,0,0,0,0,0,0,0,0,0
muter-tseykn,birthmark,0,0,0,0,0,0,0,0,0,0,0,0,0
biskup,bishop,0,0,0,0,0,0,0,0,0,0,0,0,0
bisl,"bit, piece (of something)",0,0,0,0,0,0,0,0,0,0,0,0,0
bis,bite,0,0,0,0,0,0,0,0,0,0,0,0,0
shvartser,black man,0,0,0,0,0,0,0,0,0,0,0,0,0
shmid,blacksmith,0,0,0,0,0,0,0,0,0,0,0,0,0
shekheyonu,"blessing for a good occassion, the arrival of a holiday, or the first taste of fruit in a new season",0,0,0,0,0,0,0,0,0,0,0,0,0
fartsam,"block, obstruction",0,0,0,0,0,0,0,0,0,0,0,0,0
blog,blog (web log),0,0,0,0,0,0,0,0,0,0,0,0,0
bli,"bloom, prime",0,0,0,0,0,0,0,0,0,0,0,0,0
tsvit,bloom; blossom,0,0,0,0,0,0,0,0,0,0,0,0,0
klap,"blow, rap, smack, hit",0,0,0,0,0,0,0,0,0,0,0,1,0
bloz,blow; blast; gust,0,0,0,0,0,0,0,0,0,0,0,0,0
tovl,board; hard book cover,0,0,0,0,0,0,0,0,0,0,0,0,0
guf,body,0,0,0,0,0,0,0,0,0,0,0,0,0
kerper,body,0,0,0,0,0,0,0,0,0,0,0,0,0
beyn,bone,0,0,0,0,0,0,0,0,0,0,0,0,0
etsem,bone; dice,0,0,0,0,0,0,0,0,0,0,0,0,0
bikher-vinkl,book end,0,0,0,0,0,0,0,0,0,0,0,0,0
seyfer-hagilgulem,Book of Transmigrations,0,0,0,0,0,0,0,0,0,0,0,0,0
moykher-sforim,book seller,0,0,0,0,0,0,0,0,0,0,0,0,0
oyfleb,"boom, revival",0,0,0,0,0,0,0,0,0,0,0,0,0
shtivl,boot,0,0,0,0,0,0,0,0,0,0,0,0,0
bot,"boot (rain, snow)",0,0,0,0,0,0,0,0,0,0,0,0,0
shikhputser,"bootblack, shoe polisher",0,0,0,0,0,0,0,0,0,0,0,0,0
balbos,"boss (male), owner, master, proprietor, host",0,0,0,0,0,0,0,0,0,0,0,0,0
dek,bottom,0,0,0,0,0,0,0,0,0,0,0,1,0
grunt,bottom,0,0,0,0,0,0,0,0,0,0,0,0,0
untn,bottom,0,0,0,0,0,0,0,0,0,0,0,0,0
bulvar,boulevard,0,0,0,0,0,0,0,0,0,0,0,0,0
bokser,boxer,0,0,0,0,0,0,0,0,0,0,0,0,0
boks,boxing,0,0,0,0,0,0,0,0,0,0,0,0,0
stanik,"bra, brassiere",0,0,0,0,0,0,0,0,0,0,0,0,0
markh,brain; marrow,0,0,0,0,0,0,0,0,0,0,0,0,0
tsvayg,branch,0,0,0,0,0,0,0,0,0,0,0,0,0
takhshet,brat,0,0,0,0,0,0,0,0,0,0,0,0,0
yungatsh,brat; rascal,0,0,0,0,0,0,0,0,0,0,0,4,0
dukh,breath,0,0,0,0,0,0,0,0,0,0,0,0,0
otem,breath,0,0,0,0,0,0,0,0,0,0,0,0,0
plid,"breed, brood; litter",0,0,0,0,0,0,0,0,0,0,0,0,0
mekler,"broker, agent",2,0,0,0,0,0,0,0,0,0,0,0,0
bezem,broom,0,0,0,0,0,0,0,0,0,0,0,0,0
shvoger,brother-in-law,0,0,0,0,0,0,0,0,0,0,0,0,0
akhzer,"brute, cruel person",0,0,0,0,0,0,0,0,0,0,0,0,0
lets,"bufoon, clown",0,0,977,0,0,0,0,0,0,0,0,0,0
bik,bull,0,0,0,0,0,0,0,0,0,0,0,1,0
shlimil,"bungler, ineffectual person, inept person; a person who is easily victimized (American Jewish)",0,0,0,0,0,0,0,0,0,0,0,0,0
grepts,"burp, belch",0,0,0,0,0,0,0,0,0,0,0,0,0
oytobus,bus,0,0,0,0,0,0,0,0,0,0,0,0,0
katsef,butcher,0,0,0,0,0,0,0,0,0,0,0,0,0
kukhn,cake,0,0,0,0,0,0,0,0,0,0,0,0,0
kalkh,calcium; lime,0,0,0,0,0,0,0,0,0,0,0,0,0
luakh,calendar; tablet,0,0,0,0,0,0,0,0,0,0,0,0,0
oyfpaser,camp counselor (male),1,2,0,0,0,0,0,0,0,0,0,0,0
kanal,canal; channel; sewer,0,0,0,0,0,0,0,0,0,0,0,0,0
likhtflam,candlelight,0,0,0,0,0,0,0,0,0,0,0,0,0
oyto,"car, auto",0,0,0,0,0,0,0,0,0,0,0,0,0
kiml,caraway (seeds),0,0,0,0,0,0,0,0,0,0,0,0,0
barot,care; custody,0,0,0,0,0,0,0,0,0,0,0,0,0
tepekh,carpet,0,0,0,0,0,0,0,0,0,0,0,0,0
beygfal,case (in grammar); declension (in grammar),0,0,0,0,0,0,0,0,0,0,0,0,0
fal,"case, inflection (grammar)",0,0,0,0,0,0,0,0,0,115,0,0,0
kalifyor,cauliflower,0,0,0,0,0,0,0,0,0,0,0,0,0
tselfon,cell phone,0,0,0,0,0,0,0,0,0,0,0,0,0
tsvinter,cemetery (non-Jewish),0,0,0,0,0,0,0,0,0,0,0,0,0
shampanyer,champagne,0,0,0,0,0,0,0,0,0,0,0,0,0
mayster,champion,3,0,0,0,0,0,0,0,0,0,0,0,0
kharekter,character,0,0,0,0,0,0,0,0,0,0,0,0,0
kishef,charm,0,0,0,0,0,0,0,0,0,0,0,0,0
tshek,check (bank),1,0,0,0,0,0,0,0,0,0,0,0,0
kontrol,"check, control,controls",0,0,0,0,0,0,0,0,0,0,0,0,0
mat,check(mate)(in chess),1,3,0,0,0,0,0,0,0,0,0,7,0
vaynshl,cherry (sour),0,0,0,0,0,0,0,0,0,0,0,0,0
shokh,"chess, chess set",0,0,0,0,0,0,0,0,0,0,0,0,0
rosh,"chief, head",0,0,0,0,0,0,0,0,0,0,0,3,0
shef,"chief, head, boss",0,0,0,0,0,0,0,0,0,0,0,0,0
koymen,"chimney, smokestack",0,0,0,0,0,0,0,0,0,0,0,0,0
shokolad,chocolate,0,0,0,0,0,0,0,0,0,0,0,0,0
akord,chord (in music),0,0,0,0,0,0,0,0,0,0,0,0,0
kristus,Christ,0,0,0,0,0,0,0,0,0,0,0,2,0
krist,Christian (person),10,0,0,0,0,0,0,0,0,0,0,0,0
nitl,Christmas,0,0,0,0,0,0,0,0,0,0,0,0,0
kloyster,church,0,0,0,0,0,0,0,0,0,0,0,0,0
tsirk,circus,0,0,0,0,0,0,0,0,0,0,0,0,0
birger,citizen; bourgeois,4,0,0,0,0,0,0,0,0,0,0,0,0
baamter,"clerk, official",0,0,0,0,0,0,0,0,0,0,0,0,0
feldz,cliff; rock; boulder,0,0,0,0,0,0,0,1,0,0,0,0,0
klimat,climate,0,0,0,0,0,0,0,0,0,0,0,0,0
oyfheyb,"climb, ascent",0,0,0,0,0,0,0,0,0,0,0,0,0
almer,closet,0,0,0,0,0,0,0,0,0,0,0,0,0
volkn,cloud,0,0,0,0,0,0,0,0,0,0,0,0,0
lets,clown,0,0,977,0,0,0,0,0,0,0,0,0,0
klub,club,0,0,0,0,0,0,0,0,0,0,0,0,0
tarakan,cockroach,0,0,0,0,0,0,0,0,0,0,0,2,0
orn,coffin,0,0,0,0,0,0,0,0,0,0,0,0,0
orn,"coffin, casket( Jewish)",0,0,0,0,0,0,0,0,0,0,0,0,0
kolir,"color, complexion, suit (in cards)",0,0,39,0,0,0,0,1,0,0,0,0,0
kam,comb,2,0,0,0,0,0,0,0,0,0,0,0,0
komande,"command; crew, team, bunch gang",0,0,0,0,0,0,0,0,0,0,0,0,0
mefaresh,commentator (on Jewish matters),0,0,0,0,0,0,0,0,0,0,0,0,0
komitet,committee,0,0,0,0,0,0,0,0,0,0,0,0,0
tsiber,community,0,0,0,0,0,0,0,0,0,0,0,0,0
farmest,"competition, contest",0,0,0,0,0,0,0,0,0,0,0,0,0
kvetsh,complainer,0,0,0,0,0,0,0,0,0,0,0,0,0
komponent,component,0,0,0,0,0,0,0,0,0,0,0,0,0
bashtandteyl,"component, ingredient, constituent",0,0,0,0,0,0,0,0,0,0,0,0,0
bashteyteyl,"component, ingredient, constituent",0,0,0,0,0,0,0,0,0,0,0,0,0
bashtand,"composition, make-up",0,0,0,0,0,0,0,0,0,0,0,0,0
kompyuter,computer,0,0,0,0,0,0,0,0,0,0,0,0,0
kontsert,concert,0,0,0,0,0,0,0,0,0,0,0,0,0
gmar,conclusion; decision,0,0,0,0,0,0,0,0,0,0,0,0,0
bading,"condition, provision",0,0,1,0,0,0,0,0,0,0,0,0,0
dirigent,conductor (orchestra),16,0,0,0,0,0,0,0,0,0,0,0,0
kongres,congress,0,0,0,0,0,0,0,0,0,0,0,0,0
heskem-kulem,consensus,0,0,0,0,0,0,0,0,0,0,0,0,0
oyfboy,construction,0,0,0,0,0,0,0,0,0,0,0,0,0
bendor,contemporary,0,0,0,0,0,0,0,0,0,0,0,0,0
bitl,"contempt, scorn",0,0,0,0,0,0,0,0,0,0,0,0,0
tsunoyvaks,contraction (grammar),0,0,0,0,0,0,0,0,0,0,0,0,0
tokh,"core, essence",0,0,0,0,0,0,0,0,0,0,0,1,0
ek,"corner, end, extremity",0,0,0,0,0,0,0,0,0,0,0,0,0
kosmos,cosmos (outer space),0,0,0,0,0,0,0,0,0,0,0,0,0
kozak,Cossack,0,0,0,0,0,0,0,0,0,0,0,0,0
tsvorekh,cottage cheese,0,0,0,0,0,0,0,0,0,0,0,0,0
hust,cough,0,0,0,0,0,0,0,0,0,0,0,0,0
azore,courtyard,0,0,0,0,0,0,0,0,0,0,0,0,0
dek,"cover, lid",0,0,0,0,0,0,0,0,0,0,0,1,0
pakhdn,coward,0,0,0,0,0,0,0,0,0,0,0,0,0
krakh,crash,0,0,0,0,0,0,0,0,0,0,0,0,0
trask,"crash, crack, blow",0,0,0,0,0,0,0,0,0,0,0,0,0
bashaf,Creation,0,0,0,0,0,0,0,1,0,0,0,0,0
bashefer,Creator,0,0,0,0,0,0,0,0,0,0,0,0,0
farbrekher,criminal,0,0,0,0,0,0,0,0,0,1,0,0,0
krizis,crisis,0,0,0,0,0,0,0,0,0,0,0,0,0
gevald,"cry, scream, shriek; hue and cry; emergency",0,0,0,0,0,0,0,0,0,0,0,1,0
manzshet,cuff,0,0,0,0,0,0,0,0,0,0,0,0,0
bal-dover,culprit (male); defendant,0,0,0,0,0,0,0,0,0,0,0,0,0
kubik,cup,0,0,0,0,0,0,0,0,0,0,0,3,0
kos,"cup, goblet",0,0,0,0,0,0,0,0,0,0,0,1,0
opshprekher,curse remover (male),0,2,0,0,0,0,0,0,0,0,0,0,0
firhang,curtain; drape,0,0,0,0,0,0,0,0,0,0,0,0,0
tsikl,cycle,0,0,0,0,0,0,0,0,0,0,0,0,0
tsilinder,"cylinder, top-hat",0,0,0,0,0,0,0,0,0,0,0,0,0
tsimbl,cymbal,0,0,0,0,0,0,0,0,0,0,0,0,0
tsar,czar,0,0,19,0,0,0,2,0,0,0,0,0,0
tants,dance,0,0,0,0,0,0,0,0,0,0,0,0,0
khoyle-mesukn,dangerously sick person,0,0,0,0,0,0,0,0,0,0,0,0,0
fartog,"dawn, daybreak",0,0,0,0,0,0,0,0,0,0,0,0,0
tog,day,0,0,0,0,0,0,0,0,0,0,0,0,0
yom,day,0,1,0,0,0,0,0,0,0,0,0,0,0
tonis,day of fasting,0,0,0,0,0,0,0,0,0,0,0,0,0
nifter,"dead person, deceased person",0,0,0,0,0,0,0,0,0,0,0,0,0
termin,"deadline; techncial term, technical word",0,0,0,0,0,0,0,0,0,0,0,0,0
toyt,death,0,0,0,0,0,0,0,0,0,0,0,0,0
umbreng-lager,death camp,0,0,0,0,0,0,0,0,0,0,0,0,0
vikuekh,debate,0,0,0,0,0,0,0,0,0,0,0,0,0
yortsendling,decade,0,0,0,0,0,0,0,0,0,0,0,0,0
opnar,"deceit, deception, subterfuge; hoax",0,0,0,0,0,0,0,0,0,0,0,0,0
detsember,December,0,0,0,0,0,0,0,0,0,0,0,0,0
bashlus,decision,0,0,0,0,0,0,0,0,0,0,0,0,0
dertseylzats,declarative sentence (grammar),0,0,0,0,0,0,0,0,0,0,0,0,0
untergang,"decline, downfall, doom; epidemic; blight",0,0,0,0,0,0,0,0,0,0,0,0,0
ukaz,"decree, edict (in Imperial Russia, a proclamation of the tsar)",0,0,0,0,0,0,0,0,0,0,0,0,0
shtar,"deed, bill",0,233,0,0,0,0,0,0,0,0,0,0,0
hirsh,deer,2,8,0,0,0,0,0,0,0,0,0,0,0
durkhfal,defeat; failure,0,0,0,0,0,0,0,0,0,0,0,0,0
farhalt,"delay, detainment",0,0,0,0,0,0,0,0,0,0,0,0,0
lapitut,demon,0,0,0,0,0,0,0,0,0,0,0,0,0
aroysfor,departure; outing,0,0,0,0,0,0,0,0,0,0,0,0,0
gnai,derogatory comment,0,0,0,0,0,0,0,0,0,0,0,0,0
yikhes,"descent, lineage, pedigree",0,0,0,0,0,0,0,0,0,0,0,0,0
khilel,"desecration, violation",0,0,0,0,0,0,0,0,0,0,0,0,0
dizayn,design,0,0,0,0,0,0,0,0,0,0,0,0,0
bager,"desire, lust",0,0,0,0,0,0,0,0,0,0,0,0,0
glust,"desire, lust",0,0,0,0,0,0,0,0,0,0,0,0,0
farlang,"desire, wish; request",0,0,4,0,0,0,0,0,0,0,0,0,0
prat,detail,0,0,0,0,0,0,0,0,0,0,0,0,0
sotn,devil,0,0,0,0,0,0,0,0,0,0,0,0,0
tayvl,"devil, fiend",0,0,0,0,0,0,0,0,0,1,0,0,0
dialekt,dialect,0,0,0,0,0,0,0,0,0,0,0,0,0
dialog,dialog,0,0,0,0,0,0,0,0,0,0,0,0,0
brilyant,diamond,0,0,0,0,0,0,0,8,0,0,0,0,0
diment,diamond,0,0,0,0,0,0,0,1,0,0,0,0,0
shilshl,diarrhea,0,0,0,0,0,0,0,0,0,0,0,0,0
loyzer,diarrhea,0,0,0,0,0,0,0,0,0,0,0,0,0
dibek,"dibbuk, an evil soul of a dead person which resides in a living person, expelled only by magic",0,0,0,0,0,0,0,0,0,0,0,0,0
khilek,difference,0,0,0,0,0,0,0,0,0,0,0,0,0
untersheyd,difference,0,0,0,0,0,0,0,0,0,0,0,0,0
estsimer,dining room,0,0,0,0,0,0,0,0,0,0,0,0,0
shmuts,dirt,0,0,0,0,0,0,0,0,0,0,0,0,0
brokh,"disaster, calamity",0,0,0,0,0,0,0,0,0,0,0,78,0
umkoved,"disgrace, dishonor, disrespect",0,0,0,0,0,0,0,0,0,0,0,0,0
tsimes,"dish of mixed fruit and/or vegetables; stew; (colloq.) fuss, something that has gotten blown out of proportion and turned into a very big deal",0,0,0,0,0,0,0,0,0,0,0,0,0
disk,"disk, record",2,0,0,0,0,0,0,0,0,0,0,0,0
oysshtel,display,0,0,0,0,0,0,0,0,0,0,0,0,0
mehalekh,"distance, interval, gap",0,0,0,0,0,0,0,0,0,0,0,0,0
get,divorce,8,0,1,0,0,0,0,0,0,0,0,3,0
doktor,doctor (holder of a Phd.),1,0,0,0,0,0,0,0,0,5,0,0,0
dokter,"doctor, physician",5,1,0,0,0,0,0,0,0,3,0,0,0
dokument,document,0,0,0,0,0,0,0,0,0,0,0,0,0
tuer,"doer, leader, active person",21,0,0,0,0,0,0,0,0,0,0,0,0
hunt,dog,0,0,0,0,0,0,0,0,0,0,0,0,0
dolar,dollar,0,0,0,0,0,0,0,0,0,0,0,0,0
toler,dollar,0,0,0,0,0,0,0,0,0,0,0,0,0
eyzl,"donkey, ass",0,0,3,0,0,0,0,0,0,0,0,0,0
shtidl,doorpost,0,0,0,0,0,0,0,0,0,0,0,0,0
sofek,doubt,0,0,0,0,0,0,0,0,0,0,0,0,0
mamtakim,dough (money),0,0,0,0,0,0,0,0,0,0,0,0,0
shlaks,downpour,0,0,0,0,0,0,0,0,0,0,0,0,0
mabl,downpour (of water),0,0,0,0,0,0,0,0,0,0,0,0,0
tuts,dozen,0,0,0,0,0,0,0,0,0,0,0,3,0
troym,dream (ideal),0,0,0,0,0,0,0,0,0,0,0,0,0
kholem,dream (in sleep),0,0,0,0,0,0,0,0,0,0,0,0,0
tropn,drop (of liquid),0,0,0,0,0,0,0,0,0,0,0,0,0
paykler,drummer,0,0,0,0,0,0,0,0,0,0,0,0,0
shiker,"drunk, drunkard",0,0,0,0,0,0,0,0,0,0,0,0,0
duel,duel,0,0,0,0,0,0,0,0,0,0,0,0,0
firsht,duke,2,0,0,0,0,0,0,0,0,0,0,0,0
goylem,"dummy, an artificial human",0,0,0,0,0,0,0,0,0,0,0,0,0
duplikat,duplicate,0,0,0,0,0,0,0,0,0,0,0,0,0
farnakht,dusk; evening,0,0,0,0,0,0,0,0,0,0,0,0,0
porekh,dust,0,0,0,0,0,0,0,0,0,0,0,0,0
monts,dwarf,0,0,0,0,0,0,0,0,0,0,0,0,0
voynort,"dwelling, residence",0,0,0,0,0,0,0,0,0,0,0,0,0
blitsbriv,e-mail,0,0,0,0,0,0,0,0,0,0,0,0,0
blitsbrivl,e-mail,0,0,0,0,0,0,0,0,0,0,0,0,0
kheyshek,eagerness; desire,0,0,0,0,0,0,0,0,0,0,0,0,0
odler,eagle,0,2,0,0,0,0,0,0,0,0,0,0,0
oyer,ear,0,0,0,0,0,0,0,0,0,0,0,0,0
papshoy,ear of corn,0,0,0,0,0,0,0,0,0,0,0,1,0
mizrekh,east,0,0,0,0,0,0,0,0,0,0,0,0,0
keysekh,Easter,0,0,0,0,0,0,0,0,0,0,0,0,0
opklang,echo,0,0,0,0,0,0,0,0,0,0,0,0,0
efekt,effect,0,0,0,0,0,0,0,0,0,0,0,0,0
gogl-mogl,egg flip,0,0,0,0,0,0,0,0,0,0,0,0,0
beytse,egg; testicles (in plural),0,0,0,0,0,0,0,0,0,0,0,0,0
ikh,ego,0,0,0,0,0,0,0,0,0,0,0,0,0
mitsri,Egyptian male,0,0,0,0,0,0,0,0,0,22,0,0,0
elnboygn,elbow,0,0,0,0,0,0,0,0,0,0,0,0,0
okraytshik,end (of a loaf of bread),0,0,0,0,0,0,0,0,0,0,0,0,0
sof,"end, close, conclusion",0,10,0,0,0,0,0,0,0,0,0,1,0
oysloz,"end, ending; omission",0,0,0,0,0,0,0,0,0,0,0,0,0
soyne,enemy,0,0,0,0,0,0,0,0,0,1,0,0,0
inzhenir,engineer,0,0,0,0,0,0,0,0,0,0,0,0,0
badkhn,entertainer at a Jewish wedding,0,0,0,0,0,0,0,0,0,0,0,0,0
yesh,"entity, being, something substantial",0,0,0,0,0,0,0,0,0,0,0,0,0
arayngang,entrance,0,0,0,0,0,0,0,0,0,0,0,0,0
epizod,episode,0,0,0,0,0,0,0,0,0,0,0,0,0
grayz,"error, mistake",0,0,0,0,0,0,0,0,0,0,0,0,0
antloyf,escape,0,0,0,0,0,0,0,0,0,0,0,0,0
esreg,"esreg, citron, a fruit over which blessings are said during the Sukkoth holidy",0,0,0,0,0,0,0,0,0,0,0,0,0
mehus,essence,0,0,0,0,0,0,0,0,0,0,0,0,0
eyropeyer,European man,0,0,0,0,0,0,0,0,0,0,0,0,0
dreyer,evavise person,0,0,0,0,0,0,0,0,0,0,0,0,0
ovnt,evening,0,0,0,0,0,0,0,0,0,0,0,0,0
guzme,exaggeration,0,0,0,0,0,0,0,0,0,0,0,0,0
bayshpil,example,0,0,0,0,0,0,0,0,0,0,0,0,0
moshl,example,0,0,0,0,0,0,0,0,0,0,0,0,0
oysnam,exception,0,0,0,0,0,0,0,0,0,0,0,0,0
oysbayt,exchange,0,0,0,0,0,0,0,0,0,0,0,0,0
oysruf,exclamation; roll-call,0,0,0,0,0,0,0,0,0,0,0,0,0
terets,"excuse, pretense, justification",0,0,0,0,0,0,0,0,0,0,0,0,0
kiem,existence; survival,0,0,0,0,0,0,0,0,0,0,0,0,0
aroysgang,exit,0,0,0,0,0,0,0,0,0,0,0,0,0
mumkhe,"expert, specialist",0,0,0,0,0,0,0,0,0,0,0,0,0
meyven,expert; connoisseur,0,0,0,0,0,0,0,0,0,0,0,0,0
oysdruk,expression,0,0,0,0,0,0,0,0,0,0,0,0,0
oysshtarb,extinction,0,0,0,0,0,0,0,0,0,0,0,0,0
fakt,fact,0,0,0,0,0,0,0,0,0,0,0,0,0
faktor,factor,0,0,0,0,0,0,0,0,0,0,0,0,0
yarid,fair; uproar,0,0,0,0,0,0,0,0,0,0,0,0,0
betokhn,faith; confidence; reliance,0,0,0,0,0,0,0,0,0,0,0,0,0
fal,"fall, drop",0,0,0,0,0,0,0,0,0,115,0,0,0
"bilbl,","false accusation, frame-up",0,0,0,0,0,0,0,0,0,0,0,0,0
sheker,"falsehood, lie",0,0,0,0,0,0,0,0,0,0,0,0,0
fokher,"fan, hand fan",0,0,0,0,0,0,0,0,0,0,0,0,0
farmer,farmer,0,0,0,0,0,0,0,0,0,0,0,0,0
poyer,farmer,0,0,7,0,0,0,0,0,0,8,0,0,0
forts,fart,0,0,0,0,0,0,0,0,0,0,0,0,0
shver,father-in-law,3,0,0,0,0,0,0,0,0,0,0,0,0
tate,"father, dad",0,0,0,0,0,0,0,0,0,0,0,0,0
feler,"fault, error, mistake",0,0,0,0,0,0,0,0,0,0,0,0,0
khesed,favor; mercy,0,0,0,0,0,0,0,0,0,0,0,0,0
pakhed,"fear, dread, awe",0,0,0,0,0,0,0,0,0,0,0,0,0
shulkoleg,fellow student,0,0,0,0,0,0,0,0,0,0,0,0,0
ployt,fence,0,0,0,0,0,0,0,0,0,0,0,0,0
festival,festival,0,0,0,0,0,0,0,0,0,0,0,0,0
fidl,"fiddle, violin",0,0,0,0,0,0,0,0,0,0,0,0,0
fidler,fiddler; violinist,19,0,0,0,0,0,0,0,0,0,0,0,0
film,film,0,0,0,0,0,0,0,0,0,0,0,0,0
nogl,finger nail,0,0,0,0,0,0,0,0,0,0,0,0,0
finger,"finger, toe",0,0,0,0,0,0,0,0,0,0,0,0,0
fingerdruk,fingerprint,0,0,0,0,0,0,0,0,0,0,0,0,0
bren,"fire, zeal, verve",0,0,0,0,0,0,0,0,0,0,0,0,0
glivorem,firefly,0,0,0,0,0,0,0,0,0,0,0,0,0
fayer-lesher,fireman,0,0,0,0,0,0,0,0,0,0,0,0,0
fish,fish,0,12,0,0,0,0,0,1,0,0,0,0,0
fisher,fisherman,0,0,0,0,0,0,0,0,0,1,0,0,0
finfer,"five-spot, five dollar bill",0,0,0,0,0,0,0,0,0,0,0,0,0
flam,flame,0,0,0,0,0,0,0,0,0,0,0,0,0
blits,"flash, lightning",0,0,0,0,0,0,0,0,0,0,0,0,0
tam,"flavor, taste; zest",0,0,0,0,0,0,0,0,0,0,0,1,0
aromat,flavor; aroma,0,0,0,0,0,0,0,0,0,0,0,0,0
flaks,flax; lint,0,0,0,0,0,0,0,2,0,0,0,0,0
floy,flea,0,0,0,0,0,0,0,0,0,0,0,0,0
flier,flier,0,0,0,0,0,0,0,0,0,0,0,0,0
fli,flight,0,0,0,0,0,0,0,0,0,0,0,0,0
kurs,flight (airplane),0,0,0,0,0,0,0,0,0,0,0,0,0
shtok,"floor, landing",0,0,0,0,0,0,0,0,0,0,0,0,0
vaye,flurry,0,0,0,0,0,0,0,0,0,0,0,0,0
shoym,"foam, froth",0,0,0,0,0,0,0,0,0,0,0,0,0
nepl,fog,0,0,0,0,0,0,0,0,0,0,0,0,0
shrift,font,0,0,0,0,0,0,0,0,0,0,0,0,0
tipsh,fool,0,0,0,0,0,0,0,0,0,0,0,16,0
nar,fool,0,0,0,1,0,0,0,0,0,0,0,1,0
shvants,"fool (vulg. cock, prick, dick, asshole)",0,0,0,0,0,0,0,0,0,0,0,0,0
lekish,"fool, dummy",0,0,0,0,0,0,0,0,0,0,0,0,0
shmendrik,"fool; inept person, nincompoop",0,0,1,0,0,0,0,0,0,0,0,0,0
fus,foot; leg,0,0,3,0,0,0,0,0,0,0,0,0,0
shtern,"forehead, brow",0,0,0,0,0,0,0,0,0,0,0,0,0
oysern-ministeryum,foreign ministry,0,0,0,0,0,0,0,0,0,0,0,0,0
vald,forest,0,0,0,0,0,0,0,0,0,0,0,0,0
felsher,forger,1,0,0,0,0,0,0,0,0,0,0,0,0
gopl,fork,0,0,0,0,0,0,0,0,0,0,0,0,0
grinder,founder,9,0,0,0,0,0,0,0,0,0,0,0,0
fontan,fountain,0,0,0,0,0,0,0,0,0,0,0,0,0
broygez,friction (between people); anger,0,0,0,0,0,0,0,0,0,0,0,0,0
fraytik,Friday,0,0,0,0,0,0,0,0,0,0,0,0,0
fraynd,friend,7,1,0,0,0,0,9,0,0,0,0,0,0
khaver,"friend (male), buddy, comrade; boyfriend",0,0,107,0,0,0,0,0,0,0,0,0,0
frost,frost,0,0,0,0,0,0,0,0,0,0,0,0,0
geltshafer,fundraiser,0,0,0,0,0,0,0,0,0,0,0,0,0
masped,funeral speaker,0,0,0,0,0,0,0,0,0,0,0,0,0
vet-zayt,future,0,0,0,0,0,0,0,0,0,0,0,0,0
osed,future,0,0,0,0,0,0,0,0,0,0,0,0,0
osed,future tense (grammar),0,0,0,0,0,0,0,0,0,0,0,0,0
gadol,"Gadol or Godol (Hebrew ""big"" or ""great"", a Hebrew term used mostly by Haredi Litvish Jews to refer to the most revered rabbis of the",0,0,0,0,0,0,0,0,0,0,0,0,0
galitsyaner,"Galician (male), a Jew from the Galician region.",0,0,0,0,0,0,0,0,0,0,0,0,0
matsh,"game (ballgame), prizefight",0,0,0,0,0,0,0,0,0,0,0,1,0
zhandar,gandarme,0,0,0,0,0,0,0,0,0,0,0,0,0
mistoyto,garbage truck,0,0,0,0,0,0,0,0,0,0,0,0,0
opfal,"garbage, trash, rubbish, refuse, scum",0,0,0,0,0,0,0,0,0,0,0,0,0
gortn,garden,0,0,0,0,0,0,0,0,0,0,0,0,0
benzin,"gasoline, benzine",0,0,0,0,0,0,0,0,0,0,0,0,0
toyer,"gate, goal (in soccer)",0,0,0,0,0,0,0,0,0,0,0,0,0
toyerman,"gatekeeper, goalie (in soccer)",0,0,0,0,0,0,0,0,0,0,0,0,0
min,gender (grammar),0,0,0,0,0,0,0,0,0,0,0,13,0
general,general,0,0,0,0,0,0,0,0,0,1,0,0,0
dor,generation,1,0,0,0,0,0,0,0,0,0,0,1,0
breyshes,genesis; Book of Genesis,0,0,0,0,0,0,0,0,0,0,0,0,0
goen,"genius, brilliant man, Gaon, head of a Jewish academy,in Babylonia, between the 7th and 11th centuries A.D.",0,0,0,0,0,0,0,0,0,0,0,0,0
zhaner,genre,0,0,0,0,0,0,0,0,0,0,0,0,0
goy,"Gentile, non-Jew",0,0,0,0,0,0,0,0,0,2,0,1,0
daytsh,German (person),0,4,0,0,0,0,0,0,0,0,0,1,0
yeke,German Jew,0,0,0,0,0,0,0,0,0,0,0,0,0
ruekh,ghost; devil; demon,0,0,0,0,0,0,0,0,0,0,0,0,0
ingber,ginger,0,0,0,0,0,0,0,0,0,0,0,0,0
bliask,"glare, luster",0,0,0,0,0,0,0,0,0,0,0,0,0
tishebov,gloomy mood,0,0,0,0,0,0,0,0,0,0,0,0,0
gli,glow,0,0,0,0,0,0,0,0,0,0,0,0,0
gli,glow,0,0,0,0,0,0,0,0,0,0,0,0,0
kley,glue,0,0,0,0,0,0,0,0,0,0,0,0,0
freser,"glutton, over-eater",0,0,0,0,0,0,0,0,0,0,0,0,0
got,God,0,0,0,0,0,0,0,0,0,0,0,7,0
got,"god, diety",0,0,0,0,0,0,0,0,0,0,0,7,0
ovine-meylekh,God: Our Father-King,0,0,0,0,0,0,0,0,0,0,0,0,0
goldshmid,goldsmith,0,0,0,0,0,0,0,0,0,0,0,0,0
agres,gooseberry,0,0,0,0,0,0,0,0,0,0,0,0,0
rekhГ­les,gossip (gossiper),0,0,0,0,0,0,0,0,0,0,0,0,0
gubernator,governor (of a political body),1,0,0,0,0,0,0,0,0,1,0,0,0
sloy,grain (of wood),0,0,0,0,0,0,0,0,0,0,0,0,0
gram,gram (measurement),1,0,0,0,0,0,0,0,0,0,0,0,0
gramatik,grammar,0,0,0,0,0,0,0,0,0,0,0,3,0
dikdek,"grammar, Hebrew grammar",0,0,0,0,0,0,0,0,0,0,0,0,0
zeyde,grandfather,0,0,0,0,0,0,0,0,0,0,0,0,0
keyver,grave (burial),0,0,0,0,0,0,0,0,0,0,0,0,0
grikh,Greek,0,0,0,0,0,0,0,0,0,0,0,1,0
grus,"greeting(s), regard(s)",0,0,0,0,0,0,0,0,0,0,0,0,0
troyer,grief,0,0,0,0,0,0,0,0,0,0,0,0,0
tsar,"grief, sorrow",0,0,19,0,0,0,2,0,0,0,0,0,0
vuks,"growth; stature, (human) height",0,0,0,0,0,0,0,0,0,0,0,0,0
shoymer,"guard, guardsman",0,0,0,0,0,0,0,0,0,0,0,0,0
vekhter,"guard, sentry, watchman",0,0,0,0,0,0,0,0,0,0,0,0,0
gast,guest,0,0,0,0,0,0,0,0,0,0,0,0,0
oyrekh,guest,0,0,0,0,0,0,0,0,0,0,0,0,0
khevreman,guy,0,0,0,0,0,0,0,0,0,0,0,0,0
yat,"guy, lad, chap",0,11,0,0,0,0,0,0,0,0,0,0,0
tsigayner,gypsy,3,0,0,0,0,0,0,0,0,2,0,0,0
voyn,"habitat, place of living",0,0,0,0,0,0,0,0,0,0,0,0,0
zal,"hall, auditorium",0,0,0,0,0,0,0,0,0,0,0,0,0
halel,"hallel, a hymn of praise recited on some holidays",0,0,0,0,0,0,0,0,0,0,0,0,0
hamer,hammer,0,0,0,0,0,0,0,0,0,0,0,0,0
vayzer,hand (of a clock or watch),0,0,0,0,0,0,0,0,0,0,0,0,0
hadres-ponem,handsome person,0,0,0,0,0,0,0,0,0,0,0,0,0
talyen,hangman,0,0,0,0,0,0,0,0,0,0,0,0,0
khosid,"Hasid; follower, admirer",0,0,0,0,0,0,0,0,0,0,0,0,0
hut,hat,0,0,0,0,0,0,0,0,0,0,0,1,0
falk,hawk,0,0,0,0,0,0,0,0,0,0,0,0,0
stoyg,hay stack,0,0,0,0,0,0,0,0,0,0,0,0,0
kop,head,0,0,0,0,0,0,0,0,0,0,0,1,0
oybnon,head (of the table); place of honor,0,0,0,0,0,0,0,0,0,0,0,0,0
kopveytik,headache,0,0,0,0,0,0,0,0,0,0,0,0,0
kop,headline,0,0,0,0,0,0,0,0,0,0,0,1,0
hartsveytik,heartache,0,0,0,0,0,0,0,0,0,0,0,0,0
lebediker,hedge (of bushes),0,0,0,0,0,0,0,0,0,0,0,0,0
yoyresh,heir,0,0,0,0,0,0,0,0,0,0,0,0,0
kiver,helmet,0,0,0,0,0,0,0,0,0,0,0,0,0
apikoyres,"heretic; skeptic; unbeliever (in God), atheist",0,0,0,0,0,0,0,0,0,0,0,0,0
nozer,hermit,0,0,0,0,0,0,0,0,0,0,0,0,0
held,hero,34,0,0,0,0,0,1,0,0,0,0,0,0
shlager,hit (song/film/play/movie),0,0,0,0,0,0,0,0,0,0,0,0,0
zets,"hit, blow, stroke, slam",0,0,0,0,0,0,0,0,0,0,0,0,0
yontev,holiday,0,0,0,0,0,0,0,0,0,0,0,0,0
honik,honey,0,0,0,0,0,0,0,0,0,0,0,0,0
koved,"honor, dignity",0,0,0,0,0,0,0,0,0,0,0,0,0
mentsh,"honorable, decent person",0,0,0,0,0,0,0,0,0,0,0,0,0
horizont,horizon; outlook,0,0,0,0,0,0,0,0,0,0,0,0,0
groyl,"horror, shudder",0,0,0,0,0,0,0,0,0,0,0,0,0
shpitol,hospital,0,0,0,0,0,0,0,0,0,0,0,0,0
hotel,hotel,0,0,0,0,0,0,0,0,0,0,0,0,0
shtubmaler,house painter,0,0,0,0,0,0,0,0,0,0,0,0,0
arumnem,"hug, embrace",0,0,0,0,0,0,0,0,0,0,0,0,0
brum,hum; roar,0,0,0,0,0,0,0,0,0,0,0,0,0
gezhum,humming,0,0,0,0,0,0,0,0,0,0,0,0,0
hundert,hundred,0,0,0,0,0,0,0,0,0,0,0,0,0
hunger,hunger,0,0,0,0,0,0,0,0,0,0,0,0,0
yeger,hunter,0,0,0,0,0,0,0,0,0,0,0,0,0
man,husband,0,0,2,0,0,0,0,0,0,0,0,3,0
vasershtof,hydrogen,0,0,0,0,0,0,0,0,0,0,0,0,0
makef,hyphen,0,0,0,0,0,0,0,0,0,0,0,0,0
tsvuak,hypocrite,0,0,0,0,0,0,0,0,0,0,0,0,0
ayzkrem,ice cream,0,0,0,0,0,0,0,0,0,0,0,0,0
aynfal,"idea, sudden insight, notion",0,0,0,0,0,0,0,0,0,0,0,0,0
idealist,idealist,0,0,0,0,0,0,0,0,0,0,0,0,0
idiom,idiom,0,0,0,0,0,0,0,0,0,0,0,0,0
idiot,idiot,0,0,0,0,0,0,0,0,0,0,0,0,0
megege,"idler, dawdler",0,0,0,0,0,0,0,0,0,0,0,0,0
shmegege,"idler, dawdler; bufoon, idiot, fool",0,0,0,0,0,0,0,0,0,0,0,0,0
imigrant,immigrant,0,2,0,0,0,0,0,0,0,0,0,0,0
imperativ,imperative,0,0,0,0,0,0,0,0,0,0,0,0,0
ayndruk,impression,0,0,0,0,0,0,0,0,0,0,0,0,0
tikn,improvement,0,0,0,0,0,0,0,0,0,0,0,0,0
impuls,impulse,0,0,0,0,0,0,0,0,0,0,0,0,0
shprukh,"incantation, magic formula",0,0,0,0,0,0,0,0,0,0,0,0,0
shprokh,"incantation, magic formula",0,0,0,0,0,0,0,0,0,0,0,0,0
tsol,inch,0,0,0,0,0,0,0,0,0,0,0,0,0
intsident,incident,0,0,0,0,0,0,0,0,0,0,0,0,0
indeks,index,0,0,0,0,0,0,0,0,0,0,0,0,0
shpetzumer,Indian summer,0,0,0,0,0,0,0,0,0,0,0,0,0
eyn-sof,infinity,0,0,0,0,0,0,0,0,0,0,0,0,0
tsuflus,inflow,0,0,0,0,0,0,0,0,0,0,0,0,0
makher,influential person,15,0,0,0,0,0,0,0,0,0,0,0,0
makher,"influential person, fixer",15,0,0,0,0,0,0,0,0,0,0,0,0
tintflek,inkspot,0,0,0,0,0,0,0,0,0,0,0,0,0
meshugoim-azil,insane asylum,0,0,0,0,0,0,0,0,0,0,0,0,0
herefayen,"instant, split-second",0,0,0,0,0,0,0,0,0,0,0,0,0
instinkt,instinct,0,0,0,0,0,0,0,0,0,0,0,0,0
institut,institute,0,0,0,0,0,0,0,0,0,0,0,0,0
meylets,"interceder, advocate, defender; tribune",0,0,0,0,0,0,0,0,0,0,0,0,0
interes,"interest (in), concern (for)",0,0,0,0,0,0,0,0,0,0,0,0,0
baln,"interested person, volunteer",0,0,0,0,0,0,0,0,0,0,0,0,0
oystaytsh,interpretation,0,0,0,0,0,0,0,0,0,0,0,0,0
taytsher,interpreter,0,0,0,0,0,0,0,0,0,0,0,0,0
oystaytsher,interpreter,2,0,0,0,0,0,0,0,0,0,0,0,0
intervyu,interview,0,0,0,0,0,0,0,0,0,0,0,0,0
araynfir,"introduction; import, importation",0,0,0,0,0,0,0,0,0,0,0,0,0
arayndringer,"invader, intruder",0,0,0,0,0,0,0,0,0,0,0,0,0
ion,ion,0,0,0,0,0,0,0,0,0,0,0,0,0
islam,Islam,0,0,0,0,0,0,0,0,0,0,0,0,0
indzl,island,0,0,0,0,0,0,0,0,0,0,0,0,0
ben-yisroel,Israelite,0,0,0,0,0,0,0,0,0,0,0,0,0
vilder,"ivy, vine",0,0,0,0,0,0,0,0,0,0,0,0,0
grinshteyn,jade,0,0,0,0,0,0,0,0,0,0,0,0,0
yanuar,January,0,0,0,0,0,0,0,0,0,0,0,0,0
sloy,jar,0,0,0,0,0,0,0,0,0,0,0,0,0
zhargon,jargon; the Yiddish language (used derisively),0,0,0,0,0,0,0,0,0,0,0,0,0
gliver,jelly,0,0,0,0,0,0,0,0,0,0,0,0,0
dzshet,jet,0,0,0,0,0,0,0,0,0,0,0,0,0
yid,Jew (male),1,0,0,0,0,0,1,67,0,3,0,1,0
meshumed,Jew who has been baptized,0,0,0,0,0,0,0,0,0,0,0,0,0
khored,Jew who is strictly observant,0,0,0,0,0,0,0,0,0,0,0,0,0
yoytser,Jewish holiday liturgy (a portion of),0,0,0,0,0,0,0,0,0,0,0,0,0
bund,"Jewish Labor Bund, socialist labor party",0,0,0,0,0,0,0,0,0,0,0,2,0
kheyder,"Jewish religious school, room, chamber",0,0,0,0,0,0,0,0,0,0,0,0,0
zhurnalist,journalist,0,0,0,0,0,0,0,0,0,0,0,0,0
yoyvl,Jubilee,0,0,0,0,0,0,0,0,0,0,0,0,0
zaft,"juice, sap",0,0,0,0,0,0,0,0,0,0,0,0,0
yuli,July,0,0,0,0,0,0,0,0,0,0,0,0,0
heftpunkt,juncture,0,0,0,0,0,0,0,0,0,0,0,0,0
yuni,June,0,0,0,0,0,0,0,0,0,0,0,0,0
tsedek,justice (divine),0,0,0,0,0,0,0,0,0,0,0,0,0
yoysher,"justice, fairness; morality",0,0,0,0,0,0,0,0,0,0,0,0,0
kerndl,kernel; grain; nucleus,0,0,0,0,0,0,0,0,0,0,0,0,0
shlisl,key; clue; clef; wrench,0,0,0,0,0,0,0,0,0,0,0,0,0
kibuts,"Kibuts (also Kibbutz), a large collective farm in Palestine/Israel",0,0,0,0,0,0,0,0,0,0,0,0,0
kilometer,kilometer,0,0,0,0,0,0,0,0,0,0,0,0,0
meylekh,king,0,0,0,0,0,0,0,0,0,0,0,0,0
kinig,king,5,0,0,0,0,0,0,0,0,0,0,0,0
kislev,"Kislev, third month of the Jewish calendar",0,0,0,0,0,0,0,0,0,0,0,0,0
kush,kiss,1,0,0,0,0,0,0,0,0,0,0,1,0
meser,knife,0,0,0,0,0,0,0,0,0,0,0,0,0
altsveyser,know-it-all,0,0,0,0,0,0,0,0,0,0,0,0,0
shoykhet,kosher butcher,0,1,0,0,0,0,0,0,0,0,0,0,0
boser,kosher meat,0,0,0,0,0,0,0,0,0,0,0,0,0
kugl,"kugel, a savory or sweet pudding made from either noodles, potatos or matzo",0,0,0,0,0,0,0,0,0,0,0,0,0
shepsn-kotlet,lamb chop,0,0,0,0,0,0,0,0,0,0,0,0,0
lomp,lamp,0,0,0,0,0,0,0,0,0,0,0,0,0
latayn,Latin (language),0,0,0,0,0,0,0,0,0,0,0,0,0
din,"law, esp. Jewish religious law",0,0,0,0,0,0,0,0,0,0,0,3,0
grozgortn,lawn,0,0,0,0,0,0,0,0,0,0,0,0,0
groz-shnayder,lawnmower,0,0,0,0,0,0,0,0,0,0,0,0,0
shulkhn-orekh,laws of Jewish ritual,0,0,0,0,0,0,0,0,0,0,0,0,0
advokat,"lawyer, attorney",4,8,0,0,0,0,0,0,0,0,0,0,0
firer,leader; guide,18,0,0,0,0,0,0,0,0,0,0,0,0
shprung,"leap, jump, plunge",0,0,0,0,0,0,0,0,0,0,0,0,0
talmid-khokhem,"learned man, Jewish scholar",0,0,0,0,0,0,0,0,0,0,0,0,0
lamdn,"learned man, scholar",0,0,0,0,0,0,0,0,0,0,0,0,0
shtender,"lectern, pulpit",0,0,0,0,0,0,0,0,0,0,0,0,0
refererat,"lecture, paper",0,0,0,0,0,0,0,0,0,0,0,0,0
zitstrin,lemon,0,0,0,0,0,0,0,0,0,0,0,0,0
limenad,lemonade,0,0,0,0,0,0,0,0,0,0,0,0,0
shier,lesson in the Talmud,0,0,0,0,0,0,0,0,0,0,0,0,0
briv,letter (postal),0,0,0,0,0,0,0,0,0,0,0,0,0
nivo,"level (of achievement, taste, etc.)",0,0,0,0,0,0,0,0,0,0,0,0,0
leyvi,Levite (a descendent of the tribe of Levi),0,0,0,0,0,0,0,0,0,0,0,0,0
verter-oytser,"lexicon, vocabulary",0,0,0,0,0,0,0,0,0,0,0,0,0
ligner,liar,0,1,0,0,0,0,0,0,0,0,0,0,0
bafrayer,liberator,0,0,0,0,0,0,0,0,0,0,0,0,0
biblyoteker,librarian (male),4,0,0,0,0,0,0,0,0,1,0,0,0
lign,"lie, falsehood",0,0,0,0,0,0,0,0,0,0,0,0,0
ontsinder,lighter (cigarette lighter),0,0,0,0,0,0,0,0,0,0,0,0,0
gust,"liking, taste in or for something",0,0,0,0,0,0,0,0,0,0,0,0,0
bez,lilac,0,0,0,0,0,0,0,0,0,0,0,0,0
eyver,limb (of a body); penis,0,0,0,0,0,0,0,0,0,0,0,0,0
shier,limit,0,0,0,0,0,0,0,0,0,0,0,0,0
gvuln,"limit, bounds, domain",0,0,0,0,0,0,0,0,0,0,0,0,0
shprakhn-kener,linguist,0,0,0,0,0,0,0,0,0,0,0,0,0
lingvist,linguist,1,2,0,0,0,0,0,0,0,0,0,0,0
untershlak,"lining, background",0,0,0,0,0,0,0,0,0,0,0,0,0
leyb,lion,0,5,0,9,0,0,0,1,0,0,0,0,0
shnaps,liquor,0,0,0,0,0,0,0,0,0,0,0,0,0
yash,liquor,0,0,0,0,0,0,0,0,0,0,0,9,0
tsuherer,listener,0,0,0,0,0,0,0,0,0,0,0,0,0
litvak,Lithuanian (Jewish male Lithuanian),0,0,0,0,0,0,0,0,0,0,0,29,0
litviner,Lithuanian (person),0,0,0,0,0,0,0,0,0,0,0,0,0
mindster,little finger,0,0,0,0,0,0,0,0,0,0,0,0,0
labn,loaf (of bread),0,0,0,0,0,0,0,0,0,0,0,0,0
shlos,lock,0,0,0,0,0,0,0,0,0,0,0,0,0
shloser,locksmith,0,0,0,0,0,0,0,0,0,0,0,0,0
klots,log (wood),0,0,0,0,0,0,0,0,0,0,0,0,0
lokshn,"lokshen kugel, a noodle pudding",0,0,0,0,0,0,0,0,0,0,0,0,0
blik,"look, glance, glimpse",0,0,0,0,0,0,0,0,0,0,0,0,0
reboyne-sheloylem,"Lord of the World; the Almighty; God in Heaven, Master of the Universe",0,0,0,0,0,0,0,0,0,0,0,0,0
shlal,"lot of, great deal of",0,0,0,0,0,0,0,0,0,0,0,0,0
svishtsh,loud whistle,0,0,0,0,0,0,0,0,0,0,0,0,0
libhober,lover; amatuer,5,0,0,0,0,0,0,0,0,0,0,0,0
meshugener,"madman, crazy person, lunatic",0,0,0,0,0,0,0,0,0,0,0,0,0
meshugoim,"madmen, insane people",0,0,0,0,0,0,0,0,0,0,0,0,0
zhurnal,"magazine, journal",0,0,0,0,0,0,0,0,0,0,0,0,0
kishefmakher,magician,4,0,0,0,0,0,0,0,0,0,0,0,0
mekhashef,"magician, wizard, sorcerer",0,0,0,0,0,0,0,0,0,0,0,0,0
meydlsher,maiden name,0,0,0,0,0,0,0,0,0,0,0,0,0
mantsbil,"man, male",0,0,0,0,0,0,0,0,0,0,0,0,0
mansparshoyn,"man, manly person",0,0,1,0,0,0,0,0,0,0,0,0,0
boser-vedom,"man, mortal",0,0,0,0,0,0,0,0,0,0,0,0,0
ben-odem,"man, mortal, human being",0,0,0,0,0,0,0,0,0,0,0,0,0
mentsh,"man, person",0,0,0,0,0,0,0,0,0,0,0,0,0
farvalter,manager,30,0,0,0,0,0,0,0,0,0,0,0,0
shteyger,"manner, way",0,0,0,0,0,0,0,0,0,1,0,0,0
manuskript,manuscript,0,0,0,0,0,0,0,0,0,0,0,0,0
marsh,march,0,0,0,0,0,0,0,0,0,0,0,0,0
marts,March,2,0,0,0,0,0,0,0,0,0,0,0,0
mark,"market, marketplace",0,0,0,0,0,0,0,0,0,0,0,17,0
marmelad,marmalade,0,0,0,0,0,0,0,0,0,0,0,0,0
baybak,marmot; lazybones,0,0,0,0,0,0,0,0,0,0,0,0,0
martirer,martyr,1,0,0,0,0,0,0,0,0,1,0,0,0
mayster,master,3,0,0,0,0,0,0,0,0,0,0,0,0
mayster,"master, champion",3,0,0,0,0,0,0,0,0,0,0,0,0
shidekh,"match made for unmarried people, often leading to a marriage",0,0,0,0,0,0,0,0,0,0,0,0,0
shadkhn,"matchmaker, marriage broker",0,0,5,0,0,0,0,0,0,0,0,0,0
shtof,material,0,0,0,0,0,0,0,0,0,0,0,0,0
materyal,material,0,0,0,0,0,0,0,0,0,0,0,0,0
maksimal,maximum,0,0,0,0,0,0,0,0,0,0,0,0,0
birger-mayster,mayor,0,0,0,0,0,0,0,0,0,0,0,0,0
moltsayt,meal,0,0,0,0,0,0,0,0,0,0,0,0,0
pshat,meaning (the literal meaning),0,0,0,0,0,0,0,0,0,0,0,0,0
batayt,"meaning, significance",0,0,0,0,0,0,0,0,0,0,0,0,0
klops,meat loaf,0,0,0,0,0,0,0,0,0,0,0,0,0
pirog,meat pie; vagina (vulgar),0,0,0,0,0,0,0,0,0,0,0,2,0
medikament,medication; drug (medical),0,0,0,0,0,0,0,0,0,0,0,0,0
melon,melon,0,0,0,0,0,0,0,0,0,0,0,0,0
melupm,"melupim, the diacritic mark that is sometimes placed after a Yiddish vov",0,0,0,0,0,0,0,0,0,0,0,0,0
mitglid,member (of a group),1,0,0,0,0,0,0,0,0,0,0,0,0
ben-bayes,member of the household,0,0,0,0,0,0,0,0,0,0,0,0,0
zikorn,memory,0,0,0,0,0,0,0,0,0,0,0,0,0
ondenk,"memory, remembrance",0,0,0,0,0,0,0,0,0,0,0,0,0
shter,mental block,0,0,0,0,0,0,0,0,0,0,0,0,0
skhus,"merit, justification",0,0,0,0,0,0,0,0,0,0,0,0,0
balagan,"mess, bedlam",0,0,0,0,0,0,0,0,0,0,0,0,0
meshulekh,"messenger, courier",0,0,0,0,0,0,0,0,0,0,0,0,0
sheliyekh,"messenger, envoy",0,0,0,0,0,0,0,0,0,0,0,0,0
moshiyekh,Messiah,0,0,0,0,0,0,0,0,0,0,0,0,0
metal,metal,0,0,0,0,0,0,0,14,0,0,0,0,0
metafor,metaphor,0,0,0,0,0,0,0,0,0,0,0,0,0
meter,meter,0,0,0,0,0,0,0,0,0,0,0,0,0
metod,method,0,0,0,0,0,0,0,0,0,0,0,7,0
mitog,"midday meal, dinner",0,0,0,0,0,0,0,0,0,0,0,0,0
mitn,middle,0,0,0,0,0,0,0,0,0,0,0,0,0
mitl-elter,Middle Ages,0,0,0,0,0,0,0,0,0,0,0,0,0
mitlveg,middle of the road,0,0,0,0,0,0,0,0,0,0,0,0,0
medresh,"Midrash, a collection of post-Talmudic literature",0,0,0,0,0,0,0,0,0,0,0,0,0
milkhiker,"milkman, dairyman",0,0,0,0,0,0,0,0,0,0,0,0,0
yortoyznt,millennium,0,0,0,0,0,0,0,0,0,0,0,0,0
milner,miller,0,0,0,0,0,0,0,0,0,0,0,0,0
milyon,million,0,0,0,0,0,0,0,0,0,0,0,0,0
milyon,millionaire,0,0,0,0,0,0,0,0,0,0,0,0,0
moyekh,"mind, brains",0,0,0,0,0,0,0,0,0,0,0,0,0
zinen,"mind, sense",0,0,0,0,0,0,0,0,0,0,0,0,0
ministeryum,ministry,0,0,0,0,0,0,0,0,0,0,0,0,0
greber,minor,0,0,0,0,0,0,0,0,0,0,0,0,0
nes,miracle,0,0,0,0,0,0,0,0,0,0,0,0,0
shpigl,mirror,0,0,0,0,0,0,0,0,0,0,0,0,0
mazek,mischievous child,0,0,0,0,0,0,0,0,0,0,0,0,0
brokh,misfortune,0,0,0,0,0,0,0,0,0,0,0,78,0
nepl,mist,0,0,0,0,0,0,0,0,0,0,0,0,0
tuman,mist,0,0,0,0,0,0,0,0,0,0,0,0,0
toes,mistake,0,0,0,0,0,0,0,0,0,0,0,0,0
grayz,mistake,0,0,0,0,0,0,0,0,0,0,0,0,0
feler,mistake,0,0,0,0,0,0,0,0,0,0,0,0,0
umtsutroy,mistrust,0,0,0,0,0,0,0,0,0,0,0,0,0
shpot,"mockery, ridicule",0,0,0,0,0,0,0,0,0,0,0,0,0
molekul,molecule,0,0,0,0,0,0,0,0,0,0,0,0,0
moment,"moment, instant",0,0,0,0,0,0,0,0,0,0,0,0,0
oygnblik,"moment, instant",0,0,0,0,0,0,0,0,0,0,0,0,0
montik,Monday,0,0,0,0,0,0,0,0,0,0,0,0,0
monakh,monk,0,0,0,0,0,0,0,0,0,0,0,0,0
monolog,monologue,0,0,0,0,0,0,0,0,0,0,0,0,0
monster,monster,0,0,0,0,0,0,0,0,0,0,0,0,0
khoydesh,month,0,0,0,0,0,0,0,0,0,0,0,0,0
shevet,month of Shevat,0,0,0,0,0,0,0,0,0,0,0,0,0
monument,monument,0,0,0,0,0,0,0,0,0,0,0,0,0
denkmol,"monument, memorial",0,0,0,0,0,0,0,0,0,0,0,0,0
murin,Moor,0,0,0,0,0,0,0,0,0,0,0,0,0
muser,"moralizing, edification",0,0,0,0,0,0,0,0,0,0,0,0,0
frimorgn,morning,0,0,0,0,0,0,0,0,0,0,0,0,0
morgn,morning,0,0,0,0,0,0,0,0,0,0,0,0,0
shlofrok,"morning gown, housecoat",0,0,0,0,0,0,0,0,0,0,0,0,0
makhmedaner,"Moslem, Muslim",0,0,0,0,0,0,0,0,0,0,0,0,0
musulman,"Moslem, Muslim",0,0,0,0,0,0,0,0,0,0,0,0,0
mokh,moss,0,0,0,0,0,0,0,0,0,0,0,0,0
mol,moth,0,0,0,0,0,0,0,0,0,0,0,0,0
motiv,motive,1,0,0,0,0,0,0,0,0,0,0,0,0
barg,mountain,0,0,0,0,0,0,0,0,0,0,0,0,0
pisk,mouth (animal's),0,0,0,0,0,0,0,0,0,0,0,4,0
film,movie (film),0,0,0,0,0,0,0,0,0,0,0,0,0
kino,movie theater,0,0,0,0,0,0,0,0,0,0,0,0,0
shlaym,mucus,0,0,0,0,0,0,0,0,0,0,0,0,0
moyleyzl,mule,0,0,0,0,0,0,0,0,0,0,0,0,0
merder,murderer; assasin,1,0,0,0,0,0,0,0,0,1,0,0,0
muzey,museum,0,0,0,0,0,0,0,0,0,0,0,0,0
klezmer,musician,0,1,0,0,0,0,0,0,0,0,0,0,0
zeneft,mustard,0,0,0,0,0,0,0,0,0,0,0,0,0
mitos,myth,0,0,0,0,0,0,0,0,0,0,0,0,0
tshvok,nail (hardware),0,0,0,0,0,0,0,0,0,0,0,0,0
negl-lakir,nail polish,0,0,0,0,0,0,0,0,0,0,0,0,0
nomen,name,0,0,0,0,0,0,0,0,0,0,0,0,0
narator,narrator (male),0,0,0,0,0,0,0,0,0,0,0,0,0
ayngeboyrner,native (of an area),0,0,0,0,0,0,0,0,0,0,0,0,0
geboyrner,native speaker,0,0,0,0,0,0,0,0,0,0,0,0,0
geboyrner,native Yiddish speaker,0,0,0,0,0,0,0,0,0,0,0,0,0
haldz,"neck, throat",0,0,0,0,0,0,0,0,0,0,0,0,0
baderfenish,"need, want, requirement",0,0,0,0,0,0,0,0,0,0,0,0,0
shokhn,neighbor,0,0,18,0,0,0,0,0,0,0,0,0,0
gegnt,neighborhood,0,0,0,0,0,0,0,0,0,0,0,0,0
plimenik,nephew,0,0,0,0,0,0,0,0,0,0,0,6,0
nerv,nerve,0,0,0,0,0,0,0,0,0,0,0,0,0
nayyor,New Year's Day,0,0,0,0,0,0,0,0,0,0,0,0,0
ney-yidish,new Yiddish (language) (Yiddish since 1700),0,0,0,0,0,0,0,0,0,0,0,0,0
nikl,nickel (metal),0,0,0,0,0,0,0,0,0,0,0,0,0
nikl,"nickel, 5 cent piece",0,0,0,0,0,0,0,0,0,0,0,0,0
tsunomen,nickname,0,0,0,0,0,0,0,0,0,0,0,0,0
nikotin,nicotine,0,0,0,0,0,0,0,0,0,0,0,0,0
beyzer,nightmare,0,0,0,0,0,0,0,0,0,0,0,0,0
opl,nipple,0,0,0,0,0,0,0,0,0,0,0,0,0
nisn,"Nissan, the 7th month of the Jewish calendar",0,0,0,0,0,0,0,0,0,0,0,0,0
adl,nobility,0,0,0,0,0,0,0,0,0,0,0,0,0
gornisht,nobody,0,0,0,0,0,0,0,0,0,0,0,0,0
tuml,"noise, racket, stir",0,0,0,0,0,0,0,0,0,0,0,0,0
sheygets,"non-Jewish boy; impudent boy, smart aleck; wild Jewish boy",0,0,0,0,0,0,0,0,0,0,0,0,0
halber,noon,0,0,0,0,0,0,0,0,0,0,0,0,0
tsofn,North,0,0,0,0,0,0,0,0,0,0,0,0,0
notar,notary public,0,0,0,0,0,0,0,0,0,0,0,0,0
bamerk,notice,0,0,2,0,0,0,0,0,0,0,0,0,0
substantiv,noun (grammar),0,0,0,0,0,0,0,0,0,0,0,0,0
roman,"novel; romance, love-affair",0,0,0,0,0,0,0,0,0,0,0,0,0
november,November,0,0,0,0,0,0,0,0,0,0,0,0,0
numer,number; issue (of a publication),0,0,0,0,0,0,0,0,0,0,0,0,0
oazis,oasis,0,0,0,0,0,0,0,0,0,0,0,0,0
obyekt,object,0,0,0,0,0,0,0,0,0,0,0,0,0
khoyv,"obligation, debt",0,0,0,0,0,0,0,0,0,0,0,35,0
observator,observer,1,0,0,0,0,0,0,0,0,0,0,0,0
shter,"obstacle, drawback",0,0,0,0,0,0,0,0,0,0,0,0,0
okupant,occupant,0,0,0,0,0,0,0,0,0,0,0,0,0
oktober,October,0,0,0,0,0,0,0,0,0,0,0,0,0
shmukht,"odor, bad smell, stink",0,0,0,0,0,0,0,0,0,0,0,0,0
ibershprayzer,"offender, transgressor",0,0,0,0,0,0,0,0,0,0,0,0,0
ofis,office,0,0,0,0,0,0,0,0,0,0,0,2,0
amt,office (position),2,0,0,0,0,0,0,0,0,0,0,0,0
byuralist,office worker,0,0,0,0,0,0,0,0,0,0,0,0,0
boyml,oil (for eating),0,0,0,0,0,0,0,0,0,0,0,0,0
alter,old geezer,0,0,0,0,0,0,0,0,0,0,0,0,0
alter,old man,0,0,0,0,0,0,0,0,0,0,0,0,0
zokn,old man,0,0,0,0,0,0,0,0,0,0,0,0,0
tanakh,Old Testament,0,0,0,0,0,0,0,0,0,0,0,0,0
lamed-vovnik,one of the Thirty Six Good Men,0,0,0,0,0,0,0,0,0,0,0,0,0
ekhod,Oneness of God,0,0,0,0,0,0,0,0,0,0,0,0,0
kibitser,"onlooker; one who looks on and often offers unwanted advice or comments, especially at a card game; broadly : one who offers opinions",0,0,0,0,0,0,0,0,0,0,0,0,0
benyokhed,only son,0,0,0,0,0,0,0,0,0,0,0,0,0
kegner,opponent,3,0,0,0,0,0,0,0,0,0,0,0,0
misnaged,"opponent of Hasidism (Today the term is loosely used by Hasidim to refer to European religious Orthodox Jews who are not Hasidic, although they are",0,0,0,0,0,0,0,0,0,0,0,0,0
vidershtand,opposition,0,0,0,0,0,0,0,0,0,0,0,0,0
marants,orange,0,0,0,0,0,0,0,0,0,0,0,0,0
orator,orator,1,0,0,0,0,0,0,0,0,0,0,0,0
orkester,orchestra,0,0,0,0,0,0,0,0,0,0,0,0,0
bafel,"order, command",0,0,0,0,0,0,0,0,0,0,0,0,0
tolk,"order, system, sense",0,0,0,0,0,0,0,0,0,0,0,0,0
orient,Orient,0,0,0,0,0,0,0,0,0,0,0,0,0
yosem,"orphan (male), fatherless boy",0,0,0,0,0,0,0,0,0,0,0,0,0
oysbrokh,outbreak,0,0,0,0,0,0,0,0,0,0,0,0,0
oysvorf,outcast,0,0,0,0,0,0,0,0,0,0,0,0,0
oysgang,outcome,0,0,0,0,0,0,0,0,0,0,0,0,0
oysgus,outpour; discharge,0,0,0,0,0,0,0,0,0,0,0,0,0
oysgos,outpour; discharge,0,0,0,0,0,0,0,0,0,0,0,0,0
zaytiker,outsider,0,0,0,0,0,0,0,0,0,0,0,0,0
ov,"Ov, the 11th mo. of the Jewish calendar",0,0,0,0,0,0,0,0,0,0,0,130,0
oval,oval,0,0,0,0,0,0,0,0,0,0,0,0,0
oyvn,"oven, stove, furnace",0,0,0,0,0,0,0,0,0,0,0,0,0
opflus,overflow,0,0,0,0,0,0,0,0,0,0,0,0,0
farmoger,owner,0,0,0,0,0,0,0,0,0,0,0,0,0
oks,ox,1,0,0,0,0,0,0,3,0,0,0,1,0
zoyershtof,oxygen,0,0,0,0,0,0,0,0,0,0,0,0,0
oyster,oyster,0,0,0,0,0,0,0,0,0,0,0,0,0
kibl,"pail, bucket",0,0,0,0,0,0,0,0,0,0,0,0,0
vey,pain,0,0,26,0,0,0,0,0,0,0,0,0,0
veytik,"pain, ache, hurt",0,0,0,0,0,0,0,0,0,0,0,0,0
shmerts,"pain, ache, hurt",0,0,0,0,0,0,0,0,0,0,0,0,0
moler,painter (of art),17,0,0,0,0,0,0,0,0,0,0,0,0
tener,palm of the hand,0,0,0,0,0,0,0,0,0,0,0,0,0
klamer,parenthesis,0,0,0,0,0,0,0,0,0,0,0,0,0
parizer,Parisian,0,0,0,0,0,0,0,0,0,0,0,0,0
popugay,parrot,0,0,0,0,0,0,0,0,0,0,0,0,0
verterklas,part of speech (grammar),0,0,0,0,0,0,0,0,0,0,0,0,0
onteyl-nemer,participant,0,0,0,0,0,0,0,0,0,0,0,0,0
partikl,particle (grammar),0,0,0,0,0,0,0,0,0,0,0,0,0
shutef,partner,0,0,0,0,0,0,0,0,0,0,0,0,0
yeytser-hore,"passion, lust",0,0,0,0,0,0,0,0,0,0,0,0,0
pas,passport,0,0,2,0,0,0,0,0,0,0,0,0,0
amol,past,0,1,0,0,0,0,0,0,0,0,0,0,0
over,past tense (grammar),0,0,0,0,0,0,0,0,0,0,0,0,0
shteg,path,0,0,0,0,0,0,0,0,0,0,0,0,0
muster,"pattern, sample",0,0,0,0,0,0,0,0,0,0,0,0,0
bruk,pavement: cobblestone pavement,0,0,0,0,0,0,0,0,0,0,0,0,0
arbes,"pea, chickpea",0,0,0,0,0,0,0,0,0,0,0,0,0
sholem,peace,0,0,0,0,0,0,0,0,0,0,0,0,0
poyer,peasant,0,0,7,0,0,0,0,0,0,8,0,0,0
khlop,peasant,0,0,0,0,0,0,0,0,0,0,0,1,0
blayer,pencil,0,0,0,0,0,0,0,0,0,0,0,0,0
menlekher,penis,0,0,0,0,0,0,0,0,0,0,0,0,0
mile,penis,0,0,0,0,0,0,0,0,0,0,0,0,0
groshn,"penny, small coin",0,0,0,0,0,0,0,0,0,0,0,0,0
finfek,pentagon,0,0,0,0,0,0,0,0,0,0,0,0,0
finfek,pentagon,0,0,0,0,0,0,0,0,0,0,0,0,0
protsent,percent,0,0,0,0,0,0,0,0,0,0,0,0,0
period,period (of time),0,0,0,0,0,0,0,0,0,0,0,0,0
ivri,person,0,0,0,0,0,0,0,0,0,0,0,0,0
luftmentsh,person without a definite occpation; idler,0,0,0,0,0,0,0,0,0,0,0,0,0
gletling,pet (animal),0,0,0,0,0,0,0,0,0,0,0,0,0
apteyker,"pharmacist, druggist",1,0,0,0,0,0,0,0,0,0,0,0,0
filolog,philologist,0,0,0,0,0,0,0,0,0,0,0,0,0
filosof,philosopher,1,0,0,0,0,0,0,0,0,0,0,0,0
gramofon,phonograph,0,0,0,0,0,0,0,0,0,0,0,0,0
bild,"picture, photo",0,0,0,0,0,0,0,0,0,0,0,0,0
khazer,pig,0,0,0,0,0,0,0,0,0,0,0,0,0
kishn,"pillow, cushion",0,0,0,0,0,0,0,0,0,0,0,0,0
ananas,pineapple,0,0,0,0,0,0,0,0,0,0,0,0,0
pioner,pioneer,1,0,0,0,0,0,0,0,0,0,0,0,0
tsadek,"pious man, saintly man",0,0,0,0,0,0,0,0,0,0,0,0,0
pistoyl,pistol,0,0,0,0,0,0,0,0,0,0,0,0,0
shod,"pity, shame",0,0,0,0,0,0,0,0,0,0,0,0,0
plats,"place, room, space",0,0,0,0,0,0,0,0,0,0,0,0,0
ort,"place, spot",1,0,0,0,0,0,0,0,0,0,0,0,0
plastik,plastic,0,0,0,0,0,0,0,0,0,0,0,0,0
teler,"plate, dish",0,0,0,0,0,0,0,0,0,0,0,0,0
shpiler,player,4,0,0,0,0,0,0,0,0,0,0,0,0
dramaturg,"playwright, dramatist",7,0,0,0,0,0,0,0,0,0,0,0,0
tayneg,"pleasure, delight",0,0,0,0,0,0,0,0,0,0,0,0,0
aker,plow,0,0,0,0,0,0,0,0,0,0,0,0,0
instaltor,plumber,0,0,0,0,0,0,0,0,0,0,0,0,0
dikhter,poet,102,0,0,0,0,0,0,0,0,0,0,0,0
poet,poet,4,0,0,0,0,0,0,0,0,0,0,0,19
punkt,"point, dot",0,0,0,0,0,0,0,0,0,0,0,0,0
yad,pointer (used in reading the Torah),0,0,0,0,0,0,0,0,0,0,0,0,0
flokn,"pole, club",0,0,0,0,0,0,0,0,0,0,0,0,0
slup,pole; post,0,0,0,0,0,0,0,0,0,0,0,10,0
oreman,poor man,0,0,0,0,0,0,0,0,0,0,0,0,0
mon,"poppy, poppy seed",0,0,2,0,0,0,0,0,0,0,0,11,0
shtekhl-khazer,porcupine,0,0,0,0,0,0,0,0,0,0,0,0,0
plakat,poster,0,0,0,0,0,0,0,0,0,0,0,0,0
top,pot,0,1,0,0,0,0,0,0,0,0,0,0,0
kalium,potassium,0,0,0,0,0,0,0,0,0,0,0,0,0
dales,"poverty, squalor",0,0,0,0,0,0,0,0,0,0,0,1,0
takef,powerful person,0,0,0,0,0,0,0,0,0,0,0,0,0
bal-takhles,practical person,0,0,0,0,0,0,0,0,0,0,0,0,0
fir,practice (custom),0,0,2,0,0,0,0,0,0,0,0,1,0
shevekh,praise,0,0,0,0,0,0,0,0,0,0,0,0,0
optu,prank,0,0,0,0,0,0,0,0,0,0,0,0,0
sider,prayer book (Jewish),0,0,0,0,0,0,0,0,0,0,0,0,0
minyen,prayer quorum of ten male adults,0,0,0,0,0,0,0,0,0,0,0,0,0
kolnidre,prayer recited on the eve of Yom Kipur,0,0,0,0,0,0,0,0,0,0,0,0,0
tales,prayer shawl,0,0,0,0,0,0,0,0,0,0,0,0,0
mispalel,"prayer: one who prays, worshipper",0,0,0,0,0,0,0,0,0,0,0,0,0
prefiks,prefix,0,0,0,0,0,0,0,0,0,0,0,0,0
nosi,president; chairman; leader,0,0,0,0,0,0,0,0,0,0,0,0,0
druk,"pressure, stress; print",0,0,0,0,0,0,0,0,0,0,0,1,0
prayz,price,0,0,0,0,0,0,0,0,0,0,0,0,0
shtolts,pride,0,0,0,0,0,0,0,0,0,0,0,0,0
koyen,priest (Jewish),0,0,0,0,0,0,0,0,0,0,0,0,0
galekh,priest (non-Jewish),0,0,0,0,0,0,0,0,0,0,0,0,0
ben-meylekh,prince,0,0,0,0,0,0,0,0,0,0,0,0,0
iker,"principle, tenet",0,0,0,0,0,0,0,0,0,0,0,0,0
druker,printer,1,1,0,0,0,0,0,0,0,0,0,0,0
drukeray,printing shop,0,0,0,0,0,0,0,0,0,0,0,0,0
arestant,"prisoner, convict",0,0,0,0,0,0,0,0,0,0,0,0,0
protses,"process trial, lawsuit",0,0,0,0,0,0,0,0,0,0,0,0,0
produkt,"product, crop",0,0,0,0,0,0,0,0,0,0,0,0,0
profesor,professor,21,1,0,0,0,0,0,0,0,7,0,0,0
profit,profit,0,0,0,0,0,0,0,0,0,0,0,0,0
farver,"prohibition, ban; injunction",0,1,0,0,0,0,0,0,0,0,0,0,0
proyekt,project,0,0,0,0,0,0,0,0,0,0,0,0,0
proletaryer,proletarian,0,0,0,0,0,0,0,0,0,0,0,0,0
proletaryat,proletariat,0,0,0,0,0,0,0,0,0,0,0,0,0
tsuzog,"promise, pledge",0,0,0,0,0,0,0,0,0,0,0,0,0
veksl,"promissory note, i.o.u",0,0,0,0,0,0,0,0,0,0,0,0,0
aroysred,pronunciation,0,0,0,0,0,0,0,0,0,0,0,0,0
dervayz,proof,0,0,0,0,0,0,0,0,0,0,0,0,0
farmog,property,0,0,0,0,0,0,0,0,0,0,0,0,0
novi,prophet,0,0,0,0,0,0,0,0,0,0,0,0,0
forleyg,"proposal, suggestion",0,0,0,0,0,0,0,0,0,0,0,0,0
firleyg,"proposal, suggestion, submission",0,0,0,0,0,0,0,0,0,0,0,0,0
pronom,prounoun (grammar),0,0,0,0,0,0,0,0,0,0,0,0,0
psevonim,psuedonym,0,0,0,0,0,0,0,0,0,0,0,0,0
oylem,"public, audience, crowd",0,0,0,0,0,0,0,0,0,0,0,0,0
farlag,"publisher, publishing house",0,0,0,0,0,0,0,0,0,0,0,0,0
shlep,"pull, drag, tug, yank",0,0,0,0,0,0,0,0,0,0,0,0,0
puntsh,punch (drink),0,0,0,0,0,0,0,0,0,0,0,0,0
opshtel-tseykhn,punctuation mark (grammar),0,0,0,0,0,0,0,0,0,0,0,0,0
purim,Purim,0,0,0,0,0,0,0,0,0,0,0,0,0
takhles,"purpose, aim, practical details of a matter, serious business, ""brass tacks""",0,0,0,0,0,0,0,0,0,0,0,0,0
tsvek,"purpose, cause",0,0,0,0,0,0,0,0,0,0,0,4,0
tsil,"purpose, goal, objective",0,0,0,0,0,0,0,0,0,0,0,0,0
shtup,"push; poke; intercourse, fuck (vulg.)",0,0,0,0,0,0,0,0,0,0,0,0,0
hoz,"rabbit, hare",0,0,0,0,0,0,0,0,0,0,0,0,0
shop,racoon,0,0,0,0,0,0,0,0,0,0,0,0,0
radio,radio,0,0,0,0,0,0,0,0,0,0,0,0,0
retekh,radish,0,0,0,0,0,0,0,0,0,0,0,0,0
plit,raft,0,0,0,0,0,0,0,0,0,0,0,1,0
vagon,"railroad car, carriage",0,0,0,0,0,0,0,0,0,0,0,5,0
regn,rain,0,0,0,0,0,0,0,0,0,0,0,0,0
shtral,"ray, beam (of rays)",0,0,0,0,0,0,0,0,0,0,0,0,0
golmeser,razor,0,0,0,0,0,0,0,0,0,0,0,0,0
greykh,"reach, range, scope",0,0,0,0,0,0,0,0,0,0,0,0,0
tokhes,"rear end, butt, behind, ass (vulgar)",0,0,0,0,0,0,0,0,0,0,0,0,0
grund,"reason, basis",0,0,0,0,0,0,0,0,0,0,0,0,0
poresh,"recluse, one who devotes himself to the study of the Jewish sacred books",0,0,0,0,0,0,0,0,0,0,0,0,0
grodek,rectangle,0,0,0,0,0,0,0,0,0,0,0,0,0
kibed,refreshments,0,0,0,0,0,0,0,0,0,0,0,0,0
fridzshider,refrigerator,0,0,0,0,0,0,0,0,0,0,0,0,0
polet,refugee,0,0,0,0,0,0,0,0,0,0,0,0,0
gilgl,reincarnation,0,0,0,0,0,0,0,0,0,0,0,0,0
korev,relative (any male relative),0,0,0,0,0,0,0,0,0,0,0,0,0
mekhutn,"relative (male relative by marriage), father-in-law",0,0,0,0,0,0,0,0,0,0,0,0,0
eygener,"relative, kin",0,0,0,0,0,0,0,0,0,0,0,0,0
seyfer,religious book (Jewish),0,0,0,0,0,0,0,0,0,0,0,0,0
dermon,reminder,0,0,90,0,0,0,0,0,0,0,0,0,0
farbayter,"replacement, substitute",0,0,0,0,0,0,0,0,0,0,0,0,0
barikht,report; account,0,0,0,0,0,0,0,0,0,0,0,0,0
forshteyer,"representative, agent",11,0,0,0,0,0,0,0,0,0,0,0,0
fartreter,representative; substitue; proxy,1,0,0,0,0,0,0,0,0,0,0,0,0
minsker,resident of Minsk,0,0,0,0,0,0,0,0,0,0,0,0,0
toyshev,"resident, inmate",0,0,0,0,0,0,0,0,0,0,0,0,0
derkherets,"respect, honor",0,0,0,0,0,0,0,0,0,0,0,0,0
opru,rest,0,0,0,0,0,0,0,0,0,0,0,0,0
geyder,"restraint, limitation",0,0,0,0,0,0,0,0,0,0,0,0,0
tsurikker,return,0,0,0,0,0,0,0,0,0,0,0,0,0
skhar,reward,0,0,0,0,0,0,0,0,0,0,0,0,0
gram,rhyme,1,0,0,0,0,0,0,0,0,0,0,0,0
ritem,rhythm,0,0,0,0,0,0,0,0,0,0,0,0,0
gvir,rich man,0,0,0,0,0,0,0,0,0,0,0,0,0
noged,rich man,0,0,0,0,0,0,0,0,0,0,0,0,0
for,"ride, trip",0,0,0,0,0,0,0,0,0,0,0,0,0
bargrukn,ridge,0,0,0,0,0,0,0,0,0,0,0,0,0
kas,ridge,0,0,4,0,0,0,0,0,0,0,0,20,0
klung,ring; phone call,0,0,0,0,0,0,0,0,0,0,0,0,0
taykh,river,0,0,0,0,0,0,0,0,0,0,0,0,0
breg,"riverside, shore",0,0,0,0,0,0,0,0,0,0,0,25,0
gazlen,robber; thief,0,0,0,0,0,0,0,0,0,0,0,0,0
dakh,roof,0,0,0,0,0,0,0,0,0,0,0,0,0
tsimer,room,0,0,0,0,0,0,0,0,0,0,0,0,0
vortsl,root,0,0,0,0,0,0,0,0,0,0,0,0,0
rosheshone,Rosh Hashone,0,0,0,0,0,0,0,0,0,0,0,0,0
reyster,roster,0,0,0,0,0,0,0,0,0,0,0,0,0
leyster,roster,0,0,0,0,0,0,0,0,0,0,0,0,0
kon,"round (of a dance), stake (in a game)",0,0,2,0,0,0,0,0,0,0,0,0,0
rubl,ruble,0,0,0,0,0,0,0,0,0,0,0,0,0
khurbn,"ruin, destruction, catastrophe, the Holocaust",0,0,0,0,0,0,0,0,0,0,0,0,0
tel,"ruin, shambles",0,0,0,0,0,0,0,0,0,0,0,0,0
zshaver,rust,0,0,0,0,0,0,0,0,0,0,0,0,0
shabes,"Sabbath, Saturday",0,0,0,0,0,0,0,0,0,0,0,0,0
umet,"sadness, gloom",0,0,0,0,0,0,0,0,0,0,0,0,0
zafren,saffron,0,0,0,0,0,0,0,0,0,0,0,0,0
godl,"sage, great one",0,0,0,0,0,0,0,0,0,0,0,0,0
farkoyf,sale (of goods),0,0,7,0,0,0,0,0,0,0,0,0,0
sanhedrin,"Sanhedrin, the supreme judicial body during and shortly after the Second Temple period",0,0,0,0,0,0,0,0,0,0,0,0,0
vursht,"sausage, salami",0,0,0,0,0,0,0,0,0,0,0,0,0
valdmentsh,savage,0,0,0,0,0,0,0,0,0,0,0,0,0
lamdn,scholar,0,0,0,0,0,0,0,0,0,0,0,0,0
maskl,"scholar, enlightened man, adherent of the Haskalah movement",0,0,0,0,0,0,0,0,0,0,0,0,0
forsher,scholar; scientist; researcher,64,0,0,0,0,0,0,0,0,0,0,0,0
visnshaftler,"scientist, scholar",4,0,0,0,0,0,0,0,0,0,0,0,0
gvald,"scream, shriek",0,0,0,0,0,0,0,0,0,0,0,0,0
ekran,"screen (movie, tv, computer)",0,0,0,0,0,0,0,0,0,0,0,0,0
yam,"sea, ocean",0,0,0,0,0,0,0,0,0,0,0,0,0
durkzikh,search,0,0,0,0,0,0,0,0,0,0,0,0,0
zits,seat,0,0,0,0,0,0,0,0,0,0,0,0,0
sod,secret,0,0,0,0,0,0,0,0,0,0,0,0,0
opteyl,"section, part",0,0,0,0,0,0,0,0,0,0,0,0,0
zikherheyt-rat,security council,0,0,0,0,0,0,0,0,0,0,0,0,0
shoyt,seed pod,0,0,0,0,0,0,0,0,0,0,0,0,0
zoymen,"seed, offspring",0,0,0,0,0,0,0,0,0,0,0,0,0
egoizm,selfishness,0,0,0,0,0,0,0,0,0,0,0,0,0
seykhl,"sense, common sense, good sense; reason; intelligence, smarts; wit; tact, diplomacy",0,0,0,0,0,0,0,0,0,0,0,0,0
sfardi,Sephardi,0,0,0,0,0,0,0,0,0,39,0,0,0
hemshekh,"sequel, continuation, continuity",0,0,0,0,0,0,0,0,0,0,0,0,0
diner,servant,2,0,0,0,0,0,0,0,0,0,0,0,0
opgang-kanal,sewer,0,0,0,0,0,0,0,0,0,0,0,0,0
shotn,shadow,0,0,0,0,0,0,0,0,0,0,0,0,0
shames,"shames, assistant to the rabbi in a synagouge; beadle",0,0,2,0,0,0,0,0,0,0,0,0,0
golkrem,shaving cream,0,0,0,0,0,0,0,0,0,0,0,0,0
sheps,sheep,0,0,0,0,0,0,0,4,0,0,0,0,0
boygn,"sheet; arc, bow, curve, arch",0,0,0,0,0,0,0,0,0,0,0,0,0
glants,"shine, polish, gloss",0,0,0,0,0,0,0,0,0,0,0,0,0
shukh,shoe,0,0,0,0,0,0,0,0,0,0,0,0,0
shuster,"shoemaker, cobbler",0,0,0,0,0,0,0,0,0,0,0,0,0
shoyfer,shofar (the ram's horn blown on Rosh Hashanah and Yom Kippur),0,0,0,0,0,0,0,0,0,0,0,0,0
shoser,shooter; hit man (slang),0,0,0,0,0,0,0,0,0,0,0,0,0
aynkoyf-tsenter,shopping mall,0,0,0,0,0,0,0,0,0,0,0,0,0
shos,shot,0,0,0,0,0,0,0,0,0,0,0,0,0
aksl,shoulder,0,0,0,0,0,0,0,0,0,0,0,0,0
shray,"shout, cry",0,0,0,0,0,0,0,0,0,0,0,0,0
bavayz,"showing, demonstration; indication, proof",0,0,0,0,0,0,0,0,0,0,0,0,0
mishkn,"shrine, the Ark of the Covenant (in which Moses placed the tablets of the Law)",0,0,0,0,0,0,0,0,0,0,0,0,0
shvat,"Shvat, 5th month in the Jewish calendar",0,0,0,0,0,0,0,0,0,0,0,0,0
shvues,"Shvues, a Jewish holiday celebrating the gathering of the first fruits, and the giving of the Torah to the Jews",0,0,0,0,0,0,0,0,0,0,0,0,0
tsod,side (in a contest/dispute); (of a family),0,0,0,0,0,0,0,0,0,0,0,0,0
zifts,sigh,0,0,0,0,0,0,0,0,0,0,0,0,0
shild,"sign, signboard; shield",0,0,0,0,0,0,0,0,0,0,0,0,0
prostnyak,simple person,0,0,0,0,0,0,0,0,0,0,0,0,0
zinger,singer (male),139,1,0,0,0,0,0,0,0,0,0,0,0
yokhed,singular,0,0,0,0,0,0,0,0,0,0,0,0,0
opgos,sink,0,0,0,0,0,0,0,0,0,0,0,0,0
plats,site,0,0,0,0,0,0,0,0,0,0,0,0,0
nartler,skier,0,0,0,0,0,0,0,0,0,0,0,0,0
tkhoyr,"skunk, coward",0,0,0,0,0,0,0,0,0,0,0,0,0
himl,"sky, heaven",0,0,0,0,0,0,0,0,0,1,0,0,0
frask,slap (strong),0,0,0,0,0,0,0,0,0,0,0,0,0
shklaf,slave,2,0,0,0,0,0,0,0,0,0,0,0,0
knekht,slave,0,0,0,0,0,0,0,0,0,0,0,0,0
shmidhamer,sledgehammer,0,0,0,0,0,0,0,0,0,0,0,0,0
shlof,sleep,0,0,0,0,0,0,0,0,0,0,0,0,0
arbl,sleeve,0,0,0,0,0,0,0,0,0,0,0,0,0
shtekshukh,slipper,0,0,0,0,0,0,0,0,0,0,0,0,0
latsh,"slipper, houseshoe",0,0,0,0,0,0,0,0,0,0,0,0,0
glitsh,"slippery area, skating-ground",0,0,0,0,0,0,0,0,0,0,0,0,0
murze,slob,0,0,0,0,0,0,0,0,0,0,0,0,0
shvintukh,slob,0,0,0,0,0,0,0,0,0,0,0,0,0
sloyik,small jar,0,0,0,0,0,0,0,0,0,0,0,0,0
liliput,"small person, midget, dwarf",0,0,0,0,0,0,0,0,0,0,0,0,0
kluger,smart person,0,0,0,0,0,0,0,0,0,0,0,0,0
shmir,"smear; spread; bribe; the whole package, the entire deal",0,0,0,0,0,0,0,0,0,0,0,0,0
reyekh,"smell, odor, stink",0,0,0,0,0,0,0,0,0,0,0,0,0
aver,"smell, odor, stink",0,0,0,0,0,0,0,0,0,0,0,0,0
shmokh,smile,0,0,0,0,0,0,0,0,0,0,0,0,0
nos,sneeze,0,2,0,0,0,0,0,0,0,0,0,0,0
shmek,"sniff, whiff",0,0,0,0,0,0,0,0,0,0,0,0,0
shney,snow,0,0,0,0,0,0,0,0,0,0,0,0,0
fusbol,soccer; soccer ball,0,0,0,0,0,0,0,0,0,0,0,0,0
sotsyalist,socialist,0,3,0,0,0,0,0,0,0,0,0,0,0
natrium,sodium,0,0,0,0,0,0,0,0,0,0,0,0,0
divan,"sofa, rug",0,0,0,0,0,0,0,0,0,0,0,0,0
grunt,"soil, earth, base foundation, basis",0,0,0,0,0,0,0,0,0,0,0,0,0
zelner,soldier,1,6,0,0,0,0,0,0,0,1,0,0,0
solist,soloist,0,0,0,0,0,0,0,0,0,0,0,0,0
basheyd,solution,0,0,0,0,0,0,0,43,0,0,0,0,0
zun,son,0,0,0,0,0,0,0,0,0,0,0,0,0
eydem,son-in-law,0,0,0,0,0,0,0,0,0,0,0,0,0
shire,song,0,0,0,0,0,0,0,0,0,0,0,0,0
shir,song,0,0,0,0,0,0,0,0,0,0,0,1,0
bonem,sons,0,0,0,0,0,0,0,0,0,0,0,0,0
sopran,soprano,0,0,0,0,0,0,0,0,0,0,0,0,0
nefesh,soul; person; creature,0,0,0,0,0,0,0,0,0,0,0,0,0
klang,"sound, rumor",0,0,0,0,0,0,0,0,0,0,0,0,0
dorem,south,0,0,0,0,0,0,0,0,0,0,0,0,0
kurort,"spa, resort",0,0,0,0,0,0,0,0,0,0,0,0,0
roym,space (outer space),0,0,0,0,0,0,0,0,0,0,0,0,0
ridl,spade,0,0,0,0,0,0,0,0,0,0,0,0,0
shpan,"span, step",0,0,0,0,0,0,0,0,0,0,0,0,0
shpanier,Spaniard,0,0,0,0,0,0,0,0,0,0,0,0,0
shmits,spank,0,0,0,0,0,0,0,0,0,0,0,0,0
finkl,sparkle,0,0,0,0,0,0,0,0,0,0,0,0,0
redner,"speaker, talker",1,0,0,0,0,0,0,0,0,0,0,0,0
ekzemplar,"specimen, copy (of something printed)",0,0,0,0,0,0,0,0,0,0,0,0,0
meshekh,"spell (of time), duration, lifetime",0,0,0,0,0,0,0,0,0,0,0,0,0
kishef,"spell, a charm; magic; witchcraft, sorcery",0,0,0,0,0,0,0,0,0,0,0,0,0
oysleyg,spelling,0,0,0,0,0,0,0,0,0,0,0,0,0
shraybshteger,spelling of a word (grammar),0,0,0,0,0,0,0,0,0,0,0,0,0
vikl,spin,0,0,0,0,0,0,0,0,0,0,0,0,0
spinat,spinach,0,0,0,0,0,0,0,0,0,0,0,0,0
gayst,"spirit, ghost",0,0,0,0,0,0,0,0,0,0,0,0,0
pliushk,splash,0,0,0,0,0,0,0,0,0,0,0,0,0
plats,"split, crack, burst, explosion",0,0,0,0,0,0,0,0,0,0,0,0,0
lefl,spoon,0,0,0,0,0,0,0,0,0,0,0,0,0
flek,"spot, stain, blot, blur",0,0,0,0,0,0,0,0,0,0,0,0,0
friling,Spring,0,0,0,0,0,0,0,0,0,0,0,0,0
kval,"spring, source",0,0,0,0,0,0,0,0,0,0,0,0,0
shprits,"spurt, squirt, sprinkle",0,0,0,0,0,0,0,0,0,0,0,0,0
kvadrat,square,0,0,0,0,0,0,0,0,0,0,0,0,0
kvadratfus,square foot,0,0,0,0,0,0,0,0,0,0,0,0,0
vevrik,squirrel; urchin,0,0,0,0,0,0,0,0,0,0,0,1,0
shtokh,"stab, sting",0,0,0,0,0,0,0,0,0,0,0,0,0
shtempl,stamp (of a tool),0,0,0,0,0,0,0,0,0,0,0,0,0
shtand,"standing, station",0,0,0,0,0,0,0,0,0,0,0,0,0
shtandpunkt,standpoint,0,0,0,0,0,0,0,0,0,0,0,0,0
shtern,star (celestial),0,0,0,0,0,0,0,0,0,0,0,0,0
tsapl,"start, jerk",0,0,0,0,0,0,0,0,0,0,0,0,0
shtat,state (government),0,0,0,0,0,0,0,0,0,0,0,0,0
matsev,"state, condition, situation",0,0,0,0,0,0,0,0,0,0,0,0,0
maymed,"state, standing, station (in life), circumstances, situation",0,0,0,0,0,0,0,0,0,0,0,0,0
kloyster-turim,steeple,0,0,0,0,0,0,0,0,0,0,0,0,0
shtopl,step,0,0,0,0,0,0,0,0,0,0,0,0,0
trot,"step, pace",0,0,0,0,0,0,0,0,0,0,0,0,0
shtekn,stick,0,0,0,0,0,0,0,0,0,0,0,0,0
mogn,stomach,0,0,0,0,0,0,0,0,0,0,0,0,0
shteyn,"stone, rock",0,0,0,0,0,0,0,0,0,0,0,0,0
opshtel,"stop (bus, train)",0,0,0,0,0,0,0,0,0,0,0,0,0
oyfher,"stop, stopping, cessation",0,0,0,0,0,0,0,0,0,0,0,0,0
lager,storage,0,0,0,0,0,0,0,0,0,0,0,0,0
kremer,storekeeper (male),1,1,0,0,0,0,0,0,0,0,0,0,0
bushl,stork,0,0,0,0,0,0,0,0,0,0,0,0,0
shturem,storm,0,0,0,0,0,0,0,0,0,0,0,0,0
fremder,stranger,0,0,0,0,0,0,0,0,0,0,0,0,0
shtroy,straw,0,0,0,0,0,0,0,15,0,0,0,0,0
shtrom,"stream, current, tide",0,0,0,0,0,0,0,0,0,0,0,0,0
koyekh,"strength, energy; force",0,0,0,0,0,0,0,0,0,0,0,0,0
kvetsh,stress (grammar),0,0,0,0,0,0,0,0,0,0,0,0,0
shtrayf,"stripe, strip",0,0,0,0,0,0,0,0,0,0,0,0,0
makh,"stroke, move, sweep, swing, wave",0,0,0,0,0,0,0,0,0,0,0,0,0
shtarker,strong person; strong arm (slang),0,0,0,0,0,0,0,0,0,0,0,0,0
talmid,"student, pupil, learner",0,0,0,0,0,0,0,0,0,0,0,12,0
shtudium,studies,0,0,0,0,0,0,0,0,0,0,0,0,0
limud,study,0,0,0,0,0,0,0,0,0,0,0,0,0
tematik,subject matter,0,0,0,0,0,0,0,0,0,0,0,0,0
limed,"subject of study, instruction, classes",0,0,0,0,0,0,0,0,0,0,0,0,0
abonant,subscriber,0,0,0,0,0,0,0,0,0,0,0,0,0
abonent,subscriber,0,0,0,0,0,0,0,0,0,0,0,0,0
abonanament,subscription,0,0,0,0,0,0,0,0,0,0,0,0,0
bimkem,substitute,0,0,0,0,0,0,0,0,0,0,0,0,0
nokhfolger,successor,0,0,0,0,0,0,0,0,0,0,0,0,0
sufiks,suffix (grammar),0,0,0,0,0,0,0,0,0,0,0,0,0
tsuker,sugar,0,6,0,0,0,0,0,0,0,0,0,0,0
zelbstmord,suicide,0,0,0,0,0,0,0,0,0,0,0,0,0
ontsug,suit (of clothes),0,0,0,0,0,0,0,0,0,0,0,0,0
kostum,suit; costume,0,0,0,0,0,0,0,0,0,0,0,0,0
tshemodan,"suitcase, bag",0,0,0,0,0,0,0,0,0,0,0,4,0
shvebl,sulphur,0,0,0,0,0,0,0,0,0,0,0,0,0
sakhakl,"sum, total",0,0,0,0,0,0,0,0,0,0,0,0,0
kitser,"summary; abstract, digest",0,0,0,0,0,0,0,0,0,0,0,0,0
zumer,Summer,0,0,0,0,0,0,0,0,0,0,0,0,0
shpits,"summit, top, peak",0,0,0,0,0,0,0,1,0,0,0,0,0
zuntik,Sunday,0,0,0,0,0,0,0,0,0,0,0,0,0
zunoyfgang,sunrise,0,0,0,0,0,0,0,0,0,0,0,0,0
zunfargang,sunset,0,0,0,0,0,0,0,0,0,0,0,0,0
zununtergang,sunset,0,0,0,0,0,0,0,0,0,0,0,0,0
shtits,"support, grant",0,0,0,0,0,0,0,0,0,0,0,1,0
shtitser,supporter,4,0,0,0,0,0,0,0,0,0,0,0,0
tsutsol,"surcharge, additional payment",0,0,0,0,0,0,0,0,0,0,0,0,0
oybnoyf,surface,0,0,0,0,0,0,0,0,0,0,0,0,0
iberblik,"survey, review",0,0,0,0,0,0,0,0,0,0,0,0,0
lebn,survivor,0,0,0,0,0,0,0,0,0,0,0,0,0
zump,"swamp, bog, marsh",0,0,0,0,0,0,0,0,0,0,0,0,0
haknkreyts,swastika,0,0,0,0,0,0,0,0,0,0,0,0,0
shveys,"sweat, perspiration, sweating",0,0,0,0,0,0,0,0,0,0,0,0,0
shmant,sweet cream,0,0,0,0,0,0,0,0,0,0,0,0,0
gelibter,"sweetheart, sweetie (male); lover (male)",0,0,0,0,0,0,0,0,0,0,0,0,0
traf,syllable,0,0,0,0,0,0,0,0,0,0,0,0,0
simbol,symbol,0,0,0,0,0,0,0,0,0,0,0,0,0
simfonye,symphony,0,0,0,0,0,0,0,0,0,0,0,0,0
kleptsetl,tab,0,0,0,0,0,0,0,0,0,0,0,0,0
tish,table,0,0,0,0,0,0,0,0,0,0,0,0,0
vidl,tail,0,0,0,0,0,0,0,0,0,0,0,0,0
shnayder,tailor (male),2,0,0,0,0,0,0,0,0,0,0,0,0
talant,talent,0,0,0,0,0,0,0,0,0,0,0,0,0
shmues,"talk, conversation, chat, shmooze",0,0,0,0,0,0,0,0,0,0,0,0,0
talmud,Talmud,0,0,0,0,0,0,0,0,0,0,0,0,0
tank,tank,0,0,0,0,0,0,0,0,0,0,0,0,0
"targem,","Targem, an Aramaic translation of the Old Testament",0,0,0,0,0,0,0,0,0,0,0,0,0
toter,Tatar,0,0,0,0,0,0,0,0,0,1,0,0,0
shtayer,tax,0,0,0,0,0,0,0,0,0,0,0,0,0
shtayer-moner,tax collector,0,0,0,0,0,0,0,0,0,0,0,0,0
taksi,taxi,0,0,0,0,0,0,0,0,0,0,0,0,0
lerer,teacher (male),124,9,0,0,0,0,0,0,0,0,0,0,0
melamed,teacher of children in a Jewish school,0,0,0,0,0,0,0,0,0,0,0,0,0
tshaynik,"teapot, tea kettle",0,0,0,0,0,0,0,0,0,0,0,0,0
ris,"tear, rip",0,0,0,0,0,0,0,0,0,0,0,1,0
tekhniker,technician,0,0,0,0,0,0,0,0,0,0,0,0,0
tsenerling,teenager,0,0,0,0,0,0,0,0,0,0,0,0,0
telefon,telephone,0,0,0,0,0,0,0,0,0,0,0,0,0
teleskop,telescope,0,0,0,0,0,0,0,0,0,0,0,0,0
televizor,television receiver/set,0,0,0,0,0,0,0,0,0,0,0,0,0
templ,temple,0,0,0,0,0,0,0,0,0,0,0,0,0
nesoyen,temptation,0,0,0,0,0,0,0,0,0,0,0,0,0
lokator,tenant,0,0,0,0,0,0,0,0,0,0,0,0,0
term,term,112,0,0,0,0,0,0,0,0,0,0,0,0
zman,"term (of time), allotted time; semester",0,0,0,0,0,0,0,0,0,0,0,0,0
terorist,terrorist,0,0,0,0,0,0,0,0,0,0,0,0,0
tekst,text; song lyrics,0,0,0,0,0,0,0,0,0,0,0,0,0
dank,thanks,0,0,0,0,0,0,0,0,0,0,0,0,0
forverts,"The Forward, a weekly Yiddish publication",0,0,0,0,0,0,0,0,0,0,0,0,0
iks,"the letter ""X""",0,0,0,0,0,0,0,0,0,0,0,0,0
kidesh,the prayer over wine,0,0,0,0,0,0,0,0,0,0,0,0,0
teater,theater,0,0,0,0,0,0,0,0,0,0,0,0,0
ganef,thief,0,0,0,0,0,0,0,0,0,0,0,0,0
fingerhut,thimble,0,0,0,0,0,0,0,0,0,0,0,0,0
kheyfets,"thing, article, object",0,0,0,0,0,0,0,0,0,0,0,0,0
denker,thinker,3,0,0,0,0,0,0,0,0,0,0,0,0
dorsht,thirst,0,0,0,0,0,0,0,0,0,0,0,0,0
dorsht,thirst,0,0,0,0,0,0,0,0,0,0,0,0,0
fingershukh,thong,0,0,0,0,0,0,0,0,0,0,0,0,0
brustkastn,"thorax, chest",0,0,0,0,0,0,0,0,0,0,0,0,0
dorn,thorn,0,0,0,0,0,0,0,0,0,0,0,0,0
toyznt,thousand,0,0,0,0,0,0,0,0,0,0,0,0,0
fodem,thread,0,0,0,0,0,0,0,0,0,0,0,0,0
fartsiter,thrill,0,0,2,0,0,0,0,0,0,0,0,0,0
duner,thunder,0,0,0,0,0,0,0,0,0,0,0,0,0
duner,"thunder, thunderbolt",0,0,0,0,0,0,0,0,0,0,0,0,0
donershtik,Thursday,0,0,0,0,0,0,0,0,0,0,0,0,0
bilet,ticket,0,0,0,0,0,0,0,0,0,0,0,0,0
tiger,tiger,0,0,0,0,0,0,0,0,0,0,0,0,0
tishebov,"Tishebov, the 9th day of Ov, a day of fasting in commemoration of the destruction of the 1st and 2nd Temples in Jerusalem",0,0,0,0,0,0,0,0,0,0,0,0,0
tishre,"Tishre, 1st month of the Jewish calendar",0,0,0,0,0,0,0,0,0,0,0,0,0
titl,title,0,0,0,0,0,0,0,0,0,0,0,0,0
tabak,tobacco,0,0,0,0,0,0,0,0,0,0,0,0,0
fusnogel,toenail,0,0,0,0,0,0,0,0,0,0,0,0,0
tomat,tomato,0,0,0,0,0,0,0,0,0,0,0,0,0
pomidor,tomato,0,0,0,0,0,0,0,0,0,0,0,0,0
makhsher,"tool, utensil, instrument, appliance",0,0,0,0,0,0,0,0,0,0,0,0,0
tson,tooth,1,0,0,0,0,0,0,0,0,0,0,0,0
barir,touch; contact,0,0,1,0,0,0,0,0,0,0,0,0,0
turist,tourist,0,0,0,0,0,0,0,0,0,0,0,0,0
shpilkhlkrom,toy store,0,0,0,0,0,0,0,0,0,0,0,0,0
zeykher,"trace, vestige; remembrance",0,0,0,0,0,0,0,0,0,0,0,0,0
miskher,"trade, commerce, business",0,0,0,0,0,0,0,0,0,0,0,0,0
handl,"trade, commerce, dealings, business",0,0,0,0,0,0,0,0,0,0,0,0,0
fakh,"trade, speciality, vocation",0,0,0,0,0,0,0,0,0,0,0,0,0
farker,traffic,0,0,44,0,0,0,0,0,0,0,0,0,0
farkerlomp,traffic light,0,0,0,0,0,0,0,0,0,0,0,0,0
tsug,train; draft of wind; move (in a game),0,0,0,0,0,0,0,0,0,0,0,0,0
shtrikh,"trait, feature, aspect",0,0,0,0,0,0,0,0,0,0,0,0,0
ibergang,"transition, passage",0,0,0,0,0,0,0,0,0,0,0,0,0
forer,traveler,0,0,0,0,0,0,0,0,0,0,0,0,0
durkhgeyer,traveler,0,0,0,0,0,0,0,0,0,0,0,0,0
boym,tree,0,0,0,0,0,0,0,0,0,0,0,0,0
tsiter,"tremble, shiver",0,1,0,0,0,0,0,0,0,0,0,0,0
mishpet,trial; judgement,0,0,0,0,0,0,0,0,0,0,0,0,0
drayek,triangle,0,0,0,0,0,0,0,0,0,0,0,0,0
kibed,tribute,0,0,0,0,0,0,0,0,0,0,0,0,0
drayling,triplets,0,0,0,0,0,0,0,0,0,0,0,0,0
drayfus,tripod,0,0,0,0,0,0,0,0,0,0,0,1,0
kayme-lon,"truism, industible truth",0,0,0,0,0,0,0,0,0,0,0,0,0
emes,truth,0,0,0,0,0,0,0,0,0,0,0,0,0
khomishoser,"Tu Bishvat, the 15th day of Shebat, New Year's day for trees",0,0,0,0,0,0,0,0,0,0,0,0,0
dinstik,Tuesday,0,0,0,0,0,0,0,0,0,0,0,0,0
dinstog,Tuesday,0,0,0,0,0,0,0,0,0,0,0,0,0
tulpan,tulip,0,0,0,0,0,0,0,0,0,0,0,0,0
boykh,tummy,0,0,0,0,0,0,0,0,0,0,0,0,0
tunel,tunnel,0,0,0,0,0,0,0,0,0,0,0,0,0
indik,turkey,0,0,0,0,0,0,0,0,0,0,0,3,0
vend,turn,0,2,0,0,0,0,0,0,0,0,0,0,0
umdrey,"turn, spin, revolution",0,0,0,0,0,0,0,0,0,0,0,0,0
drey,"turn, twist",0,0,0,0,0,0,0,0,0,0,0,0,0
pintset,tweezers,0,0,0,0,0,0,0,0,0,0,0,0,0
tsviling,twins,0,0,0,0,0,0,0,0,0,0,0,0,0
tip,type,0,0,0,0,0,0,0,0,0,1,0,1,0
shraybmashin,typewriter,0,2,0,0,0,0,0,0,0,0,0,0,0
tiran,tyrant,0,0,0,0,0,0,0,0,0,0,0,0,0
ayter,udder,0,0,0,0,0,0,0,0,0,0,0,0,0
shirem,umbrella,0,0,0,0,0,0,0,0,0,0,0,0,0
feter,Uncle,0,0,0,0,0,0,0,0,0,0,0,0,0
untergrunt,underground,0,0,0,0,0,0,0,0,0,0,0,0,0
mundir,uniform,0,0,3,0,0,0,0,0,0,0,0,0,0
univers,universe,0,0,0,0,0,0,0,0,0,0,0,0,0
universitet,university,0,0,0,0,0,0,0,0,0,0,0,0,0
shlimazl,"unlucky person, luckless person, person with perpetual bad luck; clumsy person",0,0,0,0,0,0,0,0,0,0,0,0,0
oyfshtand,"uprise, uprising, revolt",1,0,0,0,0,0,0,0,0,0,0,0,0
oybn,upstairs (the upstairs),0,0,0,0,0,0,0,0,0,0,0,0,0
yeytser,"urge, drive",0,0,0,0,0,0,0,0,0,0,0,0,0
banits,usage,0,0,0,0,0,0,0,0,0,0,0,0,0
tol,valley,0,0,0,0,0,0,0,0,0,0,0,0,0
varyant,variation,0,0,0,0,0,0,0,0,0,0,0,0,0
pokost,varnish,0,0,0,0,0,0,0,0,0,0,0,0,0
veyoder,"Veader, the added month of the Jewish leap year (added after the month of Adar)",0,0,0,0,0,0,0,0,0,0,0,0,0
grins,"vegetable, green plants",0,0,0,0,0,0,0,0,0,0,0,0,0
shleyer,veil,0,0,0,0,0,0,0,0,0,0,0,0,0
oder,"vein, blood vessel",0,0,0,0,0,0,0,0,0,0,0,0,0
farkoyfer,"vendor, salesperson",8,0,0,0,0,0,0,0,0,0,0,0,0
verb,verb,0,0,0,0,0,0,0,0,0,0,0,13,0
nusekh,version; style,0,0,0,0,0,0,0,0,0,0,0,0,0
fiol,vial,0,0,0,0,0,0,0,0,0,0,0,0,0
korbm,victim,0,0,0,0,0,0,0,0,0,0,0,0,0
nitsokhn,"victory, triumph",0,0,0,0,0,0,0,0,0,0,0,0,0
vaynshtok,vine,0,0,0,0,0,0,0,0,0,0,0,0,0
vayngortn,vineyard,0,0,0,0,0,0,0,0,0,0,0,0,0
khoyzne,vision (imaginary picture),0,0,0,0,0,0,0,0,0,0,0,0,0
bazukher,visitor,2,0,0,0,0,0,0,0,0,0,0,0,0
vokabular,vocabulary,0,0,0,0,0,0,0,0,0,0,0,0,0
kholel,"void, hollow",0,0,0,0,0,0,0,0,0,0,0,0,0
vulkan,volcano,0,0,0,0,0,0,0,0,0,0,0,0,0
zalp,"volley, salvo",0,0,0,0,0,0,0,0,0,0,0,0,0
netsbol,volleyball,0,0,0,0,0,0,0,0,0,0,0,0,0
band,"volume (of a book, magazine, etc.)",0,0,0,0,0,0,0,0,0,0,0,33,0
opshtim,"vote, voting",0,0,0,0,0,0,0,0,0,0,0,0,0
melupm,"vov with the melupim diacritic mark after it, a letter in Yiddish (grammar)",0,0,0,0,0,0,0,0,0,0,0,0,0
vokal,vowel (grammar),0,0,0,0,0,0,0,0,0,0,0,0,0
nikud,vowel signs used in Hebrew and Yiddish (in general),0,0,0,0,0,0,0,0,0,0,0,0,0
shmayser,wagon driver,0,0,0,0,0,0,0,0,0,0,0,0,0
kelner,waiter,2,1,0,0,0,0,0,0,0,0,0,0,0
gang,"walk, pace; method",0,0,0,0,0,0,0,0,0,0,0,1,0
vogler,wanderer,0,0,0,0,0,0,0,0,0,0,0,0,0
vashtish,"washstand, bathroom sink",0,0,0,0,0,0,0,0,0,0,0,0,0
vaserfal,waterfall,0,0,0,0,0,0,0,0,0,0,0,0,0
vaks,wax,0,0,0,0,0,0,0,3,0,0,0,0,0
derekh,"way (fig.), path",0,0,0,0,0,0,0,0,0,0,0,0,0
oyfn,"way, manner",0,0,0,0,0,0,0,0,0,0,0,0,0
veg,"way, path, road",0,0,0,0,0,0,0,0,0,0,0,0,0
adir,wealthy person,0,0,0,0,0,0,0,0,0,0,0,0,0
oysher,wealthy person,0,0,0,0,0,0,0,0,0,0,0,0,0
vofn,weapon,0,0,0,0,0,0,0,0,0,0,0,0,0
veter,weather,0,0,0,0,0,0,0,0,0,0,0,0,0
veberke,weaver (female),0,0,0,0,0,0,0,0,0,0,0,0,0
veber,weaver (male),0,0,0,0,0,0,0,0,0,0,0,0,0
vebadres,"web address, URL",0,0,0,0,0,0,0,0,0,0,0,0,0
vebmayster,web master,0,0,0,0,0,0,0,0,0,0,0,0,0
mitvokh,Wednesday,0,0,0,0,0,0,0,0,0,0,0,0,0
vokhntog,weekday,0,0,0,0,0,0,0,0,0,0,0,0,0
shabes-zuntik,weekend,0,0,0,0,0,0,0,0,0,0,0,0,0
sof-vokh,weekend,0,0,0,0,0,0,0,0,0,0,0,0,0
sotsfarzorgn,welfare (support),0,0,0,0,0,0,0,0,0,0,0,0,0
farzorgopteyl,welfare department,0,0,0,0,0,0,0,0,0,0,0,0,0
brunem,well (for water),0,0,0,0,0,0,0,0,0,0,0,0,0
farginer,well-wisher,0,0,0,0,0,0,0,0,0,0,0,0,0
meyrev,West,0,0,0,0,0,0,0,0,0,0,0,0,0
vashbezem,wet mop,0,0,0,0,0,0,0,0,0,0,0,0,0
veyts,wheat,0,0,6,0,0,0,0,2,0,0,0,0,0
sheptsh,whisper,0,0,0,0,0,0,0,0,0,0,0,0,0
fayf,whistle; catcall,0,0,0,0,0,0,0,0,0,0,0,0,0
almen,widower,0,0,0,0,0,0,0,0,0,0,0,0,0
sheytl,wig (traditional wig worn by observant Jewish women),0,0,0,0,0,0,0,0,0,0,0,0,0
vint,wind,0,0,0,0,0,0,0,0,0,0,0,0,0
fentster,window,0,0,0,0,0,0,0,0,0,0,0,0,0
shoybvisher,windshield wiper,0,0,0,0,0,0,0,0,0,0,0,0,0
veyn,wine,0,0,0,0,0,0,0,0,0,0,0,0,0
bekher,"wine glass, goblet, cup",0,0,0,0,0,0,0,0,0,0,0,0,0
vaynhandl,"wine store, liquor store",0,0,0,0,0,0,0,0,0,0,0,0,0
fligl,wing,0,0,0,0,0,0,0,0,0,0,0,0,0
vunk,"wink, hint, inkling",0,0,0,0,0,0,0,0,0,0,0,0,0
vinter,Winter,0,0,0,0,0,0,0,0,0,0,0,0,0
vish,wipe; blur,0,0,0,0,0,0,0,0,0,0,0,0,0
khokhme-tson,wisdom tooth,0,0,0,0,0,0,0,0,0,0,0,0,0
khokhem,"wise man (often used sarcastically, e.g. wise guy)",0,0,0,0,0,0,0,0,0,0,0,0,0
volf,wolf,0,0,0,0,0,0,0,0,0,0,0,0,0
vunder,wonder,0,0,0,0,0,0,0,0,0,0,0,0,0
noyeg,wont; conduct,0,0,0,0,0,0,0,0,0,0,0,0,0
klots,wooden beam,0,0,0,0,0,0,0,0,0,0,0,0,0
dvar,word; thing,0,0,0,0,0,0,0,0,0,0,0,0,0
arbeter,worker,3,0,0,0,0,0,0,0,0,0,0,0,0
varshtat,"workshop, shop, workbench",0,0,0,0,0,0,0,0,0,0,0,0,0
vorem,worm,0,0,0,0,0,0,0,0,0,0,0,0,0
grimtsorn,wrath,0,0,0,0,0,0,0,0,0,0,0,0,0
tsorn,"wrath, fury, rage",0,0,0,0,0,0,0,0,0,0,0,0,0
shriftshteler,writer,0,0,0,0,0,0,0,0,0,0,0,0,0
shrayber,writer (male),67,1,0,0,0,0,0,0,0,0,0,0,0
publitsist,writer of current public affairs; pamphleteer; columnist,2,0,0,0,0,0,0,0,0,0,0,0,0
shraybkrayz,"writing circle, writing group",0,0,0,0,0,0,0,0,0,0,0,0,0
yunger-man,young man,0,0,0,0,0,0,0,0,0,0,0,0,0
khirek,"yud, with a khirek vowel sign below it",0,0,0,0,0,0,0,0,0,0,0,0,0
zigzag,zigzag,0,0,0,0,0,0,0,0,0,0,0,0,0
tsienizm,Zionism,0,0,0,0,0,0,0,0,0,0,0,0,0
tsienist,Zionist,0,0,0,0,0,0,0,0,0,0,0,0,0
