word,meaning,n,ke,te,inte,nice,ice,ine,ene,cn,she,ixe,esis,ese,summ
poshe,sinner,0,0,186,0,0,0,0,0,0,0,0,0,0,186
zinger,singer,159,2,0,0,0,0,0,0,0,0,0,0,0,161
khaver,friend,0,0,158,0,0,0,0,0,0,0,0,0,0,158
lerer,teacher,143,12,0,0,0,0,0,0,0,0,0,0,0,155
dikhter,poet,116,0,0,0,0,0,0,0,0,0,0,0,0,116
kran,derrick,0,93,1,0,0,0,0,0,0,0,0,0,0,94
yid,Jew; person (Jewish); anonymous male stranger,1,0,0,0,0,0,1,88,0,3,0,0,0,93
khazn,(Ч—Ч–Ч Ч“),0,0,81,0,0,0,0,0,0,0,0,0,0,81
pol,floor Northern Yiddish,13,6,0,0,0,60,1,0,0,0,0,0,0,80
shrayber,writer,79,1,0,0,0,0,0,0,0,0,0,0,0,80
balebos,boss,0,0,72,0,0,0,0,0,0,0,0,0,0,72
mekhaber,author,43,0,28,0,0,0,0,0,0,0,0,0,0,71
forsher,researcher,67,0,0,0,0,0,0,0,0,0,0,0,0,67
sekretar,secretary,45,6,0,0,0,0,0,0,0,13,0,0,0,64
natsi,Nazi,0,0,0,0,0,0,0,0,0,62,0,0,0,62
kinstler,artist,54,0,0,0,0,0,0,0,0,0,0,0,0,54
student,has diminutive,0,51,0,0,0,0,0,0,0,0,0,0,0,51
kapo,kapo (position in concentration camp),0,0,49,0,0,0,0,0,0,0,0,0,0,49
kapo,capo (device for a fretted stringed musical instrument) source: vi zogt men af yidish,0,0,49,0,0,0,0,0,0,0,0,0,0,49
har,masters wife,0,0,38,10,0,0,0,0,0,0,0,0,0,48
har,master (German),0,0,38,10,0,0,0,0,0,0,0,0,0,48
direktor,director,33,0,0,0,0,0,0,0,0,12,0,0,0,45
mar,Mrs. (usually with first name),1,26,0,0,0,0,18,0,0,0,0,0,0,45
farker,traffic; transportation; intercourse,0,0,44,0,0,0,0,0,0,0,0,0,0,44
kli,special person; scholar,0,41,0,0,0,0,1,0,0,2,0,0,0,44
basheyd,interpretation; decision; solution,0,0,0,0,0,0,0,43,0,0,0,0,0,43
held,hero,40,0,0,0,0,0,1,0,0,0,0,0,0,41
kolir,colored,0,0,39,0,0,0,0,1,0,0,0,0,0,40
reb,reb Mister (with first name),1,0,0,0,0,0,0,0,38,0,0,0,0,39
ka,the letter K,0,0,0,0,0,0,0,0,0,38,0,0,0,38
tentser,dancer,26,5,0,0,0,0,0,0,0,0,0,0,0,31
farvalter,manager,30,0,0,0,0,0,0,0,0,0,0,0,0,30
profesor,professor,21,1,0,0,0,0,0,0,0,7,0,0,0,29
forzitser,president,29,0,0,0,0,0,0,0,0,0,0,0,0,29
forzitser,president,29,0,0,0,0,0,0,0,0,0,0,0,0,29
vey,woe; pain,0,0,26,0,0,0,0,0,0,0,0,0,0,26
vey,woe; pain,0,0,26,0,0,0,0,0,0,0,0,0,0,26
poet,poetic,4,0,0,0,0,0,0,0,0,0,0,0,20,24
tuer,doer; active person,23,0,0,0,0,0,0,0,0,0,0,0,0,23
tuer,doer; active person,23,0,0,0,0,0,0,0,0,0,0,0,0,23
bagleyter,companion,22,0,0,0,0,0,0,0,0,0,0,0,0,22
dakh,diminutive with root dekh,0,22,0,0,0,0,0,0,0,0,0,0,0,22
onfirer,leader,22,0,0,0,0,0,0,0,0,0,0,0,0,22
poyer,peasant; jack (playing cards),0,0,14,0,0,0,0,0,0,8,0,0,0,22
tsar,adjectival form with -ski,0,0,19,0,0,0,2,0,1,0,0,0,0,22
tsar,sorrow,0,0,19,0,0,0,2,0,1,0,0,0,0,22
tsar,adjectival form with -ski,0,0,19,0,0,0,2,0,1,0,0,0,0,22
tsar,sorrow,0,0,19,0,0,0,2,0,1,0,0,0,0,22
kenig,kingly,21,0,0,0,0,0,0,0,0,0,0,0,0,21
krish,crumb; small amount,0,21,0,0,0,0,0,0,0,0,0,0,0,21
fraynd,friend,9,1,0,0,0,0,10,0,0,0,0,0,0,20
shokhn,neighbor; tenant,0,0,20,0,0,0,0,0,0,0,0,0,0,20
fidler,violinist; fiddler,19,0,0,0,0,0,0,0,0,0,0,0,0,19
firer,leader,18,0,0,0,0,0,0,0,0,0,0,0,0,18
geviner,child-bearer; woman in labor,18,0,0,0,0,0,0,0,0,0,0,0,0,18
moler,painter,18,0,0,0,0,0,0,0,0,0,0,0,0,18
i,the letter I,1,0,3,0,0,0,0,0,0,13,0,0,0,17
leyb,lion,0,6,0,10,0,0,0,1,0,0,0,0,0,17
makher,big shot; fixer,17,0,0,0,0,0,0,0,0,0,0,0,0,17
pyanist,pianist,8,9,0,0,0,0,0,0,0,0,0,0,0,17
tip,adjectival form with -ish,0,0,0,0,0,0,0,0,0,17,0,0,0,17
valiz,valise,0,17,0,0,0,0,0,0,0,0,0,0,0,17
yat,fine lass,0,17,0,0,0,0,0,0,0,0,0,0,0,17
valiz,valise,0,17,0,0,0,0,0,0,0,0,0,0,0,17
yat,fine lass,0,17,0,0,0,0,0,0,0,0,0,0,0,17
dirigent,director,16,0,0,0,0,0,0,0,0,0,0,0,0,16
historiker,historian,16,0,0,0,0,0,0,0,0,0,0,0,0,16
kantsler,councellor (government office),16,0,0,0,0,0,0,0,0,0,0,0,0,16
a,the letter A,0,1,12,0,0,0,0,0,0,2,0,0,0,15
e,the letter E,11,0,4,0,0,0,0,0,0,0,0,0,0,15
shoyshpiler,,15,0,0,0,0,0,0,0,0,0,0,0,0,15
shiler,student,15,0,0,0,0,0,0,0,0,0,0,0,0,15
te,the letter T,1,14,0,0,0,0,0,0,0,0,0,0,0,15
yud,letter Yod,3,4,0,0,0,2,2,4,0,0,0,0,0,15
iberzetser,translator,15,0,0,0,0,0,0,0,0,0,0,0,0,15
yud,letter Yod,3,4,0,0,0,2,2,4,0,0,0,0,0,15
iberzetser,translator,15,0,0,0,0,0,0,0,0,0,0,0,0,15
metal,adjectival form with -n,0,0,0,0,0,0,0,14,0,0,0,0,0,14
tsuker,candy,0,14,0,0,0,0,0,0,0,0,0,0,0,14
tsuker,candy,0,14,0,0,0,0,0,0,0,0,0,0,0,14
advokat,lawyer,4,9,0,0,0,0,0,0,0,0,0,0,0,13
fish,fish,0,12,0,0,0,0,0,1,0,0,0,0,0,13
leyter,has diminutive,13,0,0,0,0,0,0,0,0,0,0,0,0,13
ge,the letter G,0,0,12,0,0,0,0,0,0,0,0,0,0,12
leyener,reader,11,1,0,0,0,0,0,0,0,0,0,0,0,12
prezident,presidential,12,0,0,0,0,0,0,0,0,0,0,0,0,12
mitarbeter,co-worker,11,0,0,0,0,0,0,0,0,0,0,0,0,11
eyd,witness,1,0,0,0,0,0,0,10,0,0,0,0,0,11
get,divorce,10,0,1,0,0,0,0,0,0,0,0,0,0,11
forshteyer,president; representative,11,0,0,0,0,0,0,0,0,0,0,0,0,11
grinder,founder,10,0,0,0,0,0,0,0,0,0,0,0,0,10
hirsh,has diminutive,2,8,0,0,0,0,0,0,0,0,0,0,0,10
kat,executioner,10,0,0,0,0,0,0,0,0,0,0,0,0,10
kener,plural in -n,10,0,0,0,0,0,0,0,0,0,0,0,0,10
kope,kick,0,4,6,0,0,0,0,0,0,0,0,0,0,10
krist,Christian woman,10,0,0,0,0,0,0,0,0,0,0,0,0,10
kurator,curator,10,0,0,0,0,0,0,0,0,0,0,0,0,10
redaktor,editor,9,0,0,0,0,0,0,0,0,1,0,0,0,10
servet,has diminutive,0,10,0,0,0,0,0,0,0,0,0,0,0,10
ber,bearish,0,3,2,4,0,0,0,0,0,0,0,0,0,9
brilyant,adjectival form with -n,0,0,0,0,0,0,0,9,0,0,0,0,0,9
dokter,doctor (occupation),5,1,0,0,0,0,0,0,0,3,0,0,0,9
lektor,lecturer,9,0,0,0,0,0,0,0,0,0,0,0,0,9
oytor,author,9,0,0,0,0,0,0,0,0,0,0,0,0,9
ambasador,ambassador,8,0,0,0,0,0,0,0,0,0,0,0,0,8
de,the letter D,0,7,0,0,0,0,0,0,0,1,0,0,0,8
kandidat,candidate,4,4,0,0,0,0,0,0,0,0,0,0,0,8
farkoyfer,merchant,8,0,0,0,0,0,0,0,0,0,0,0,0,8
samet,velvet,0,0,0,0,0,0,0,8,0,0,0,0,0,8
shnit,cut,1,7,0,0,0,0,0,0,0,0,0,0,0,8
dertsier,educational,8,0,0,0,0,0,0,0,0,0,0,0,0,8
veyts,wheaten,0,0,6,0,0,0,0,2,0,0,0,0,0,8
aynvoyner,resident,8,0,0,0,0,0,0,0,0,0,0,0,0,8
zelner,military,1,6,0,0,0,0,0,0,0,1,0,0,0,8
dertsier,educational,8,0,0,0,0,0,0,0,0,0,0,0,0,8
veyts,wheaten,0,0,6,0,0,0,0,2,0,0,0,0,0,8
aynvoyner,resident,8,0,0,0,0,0,0,0,0,0,0,0,0,8
zelner,military,1,6,0,0,0,0,0,0,0,1,0,0,0,8
akusher,obstetrician (medicine),1,6,0,0,0,0,0,0,0,0,0,0,0,7
bal,sinful person,0,2,5,0,0,0,0,0,0,0,0,0,0,7
bekn,diminutive with root beke,0,0,7,0,0,0,0,0,0,0,0,0,0,7
bal,dance,0,2,5,0,0,0,0,0,0,0,0,0,0,7
bal,ball (round object),0,2,5,0,0,0,0,0,0,0,0,0,0,7
bekn,basin; pool (artificial); pelvis (body part); roasting pan; tray,0,0,7,0,0,0,0,0,0,0,0,0,0,7
bal,optimist,0,2,5,0,0,0,0,0,0,0,0,0,0,7
denik,cap visor (clothing),7,0,0,0,0,0,0,0,0,0,0,0,0,7
denik,bottom of a pot,7,0,0,0,0,0,0,0,0,0,0,0,0,7
dramaturg,adjectival form with -ish,7,0,0,0,0,0,0,0,0,0,0,0,0,7
bal,advisor,0,2,5,0,0,0,0,0,0,0,0,0,0,7
bal,fat person,0,2,5,0,0,0,0,0,0,0,0,0,0,7
bahersh,master,0,0,7,0,0,0,0,0,0,0,0,0,0,7
libhober,lover,7,0,0,0,0,0,0,0,0,0,0,0,0,7
initsyator,initiator,7,0,0,0,0,0,0,0,0,0,0,0,0,7
bal,creditor,0,2,5,0,0,0,0,0,0,0,0,0,0,7
bal,spin doctor source: vi zogt men af yidish,0,2,5,0,0,0,0,0,0,0,0,0,0,7
kis,money pouch,7,0,0,0,0,0,0,0,0,0,0,0,0,7
bal,talented person,0,2,5,0,0,0,0,0,0,0,0,0,0,7
libhober,lover; amateur (theater),7,0,0,0,0,0,0,0,0,0,0,0,0,7
bal,courteous person; person of high moral character,0,2,5,0,0,0,0,0,0,0,0,0,0,7
bal,wonder worker,0,2,5,0,0,0,0,0,0,0,0,0,0,7
rikhter,judge,7,0,0,0,0,0,0,0,0,0,0,0,0,7
bal,lustful person,0,2,5,0,0,0,0,0,0,0,0,0,0,7
bal,prayer leader,0,2,5,0,0,0,0,0,0,0,0,0,0,7
bal,philanthropist,0,2,5,0,0,0,0,0,0,0,0,0,0,7
zoger,reciter,5,2,0,0,0,0,0,0,0,0,0,0,0,7
bal,philanthropist,0,2,5,0,0,0,0,0,0,0,0,0,0,7
zoger,reciter,5,2,0,0,0,0,0,0,0,0,0,0,0,7
bob,diminutive with root beb,0,5,0,0,0,1,0,0,0,0,0,0,0,6
bur,ignoramus,1,5,0,0,0,0,0,0,0,0,0,0,0,6
doktor,doctor (holder of title),1,0,0,0,0,0,0,0,0,5,0,0,0,6
folklorist,folklorist,1,5,0,0,0,0,0,0,0,0,0,0,0,6
geber,giver,6,0,0,0,0,0,0,0,0,0,0,0,0,6
hendler,adjectival form with -ish,5,1,0,0,0,0,0,0,0,0,0,0,0,6
kemfer,fighter,6,0,0,0,0,0,0,0,0,0,0,0,0,6
kni,knee,0,0,0,0,0,0,0,0,0,6,0,0,0,6
layn,flax (plant: Linum usitatissimum),0,0,0,0,0,0,0,6,0,0,0,0,0,6
farmitler,proxy; agent; go-between,6,0,0,0,0,0,0,0,0,0,0,0,0,6
partner,domestic partner,3,1,0,0,0,0,0,0,0,2,0,0,0,6
korespondent,correspondent,4,2,0,0,0,0,0,0,0,0,0,0,0,6
shpiler,performer,6,0,0,0,0,0,0,0,0,0,0,0,0,6
tsigayner,Gypsy,4,0,0,0,0,0,0,0,0,2,0,0,0,6
yidishist,Yiddishist,0,6,0,0,0,0,0,0,0,0,0,0,0,6
vortzoger,spokeswoman source: Forwards,6,0,0,0,0,0,0,0,0,0,0,0,0,6
tsigayner,Gypsy,4,0,0,0,0,0,0,0,0,2,0,0,0,6
yidishist,Yiddishist,0,6,0,0,0,0,0,0,0,0,0,0,0,6
vortzoger,spokeswoman source: Forwards,6,0,0,0,0,0,0,0,0,0,0,0,0,6
aspirant,doctoral student,1,4,0,0,0,0,0,0,0,0,0,0,0,5
betler,beggar-woman,3,2,0,0,0,0,0,0,0,0,0,0,0,5
biblyoteker,librarian,4,0,0,0,0,0,0,0,0,1,0,0,0,5
dr,Dr.,3,0,0,0,0,0,0,0,0,0,0,0,2,5
foygl,bird both plurals exist,0,0,1,0,0,0,0,0,0,4,0,0,0,5
kas,|kas|t,0,0,5,0,0,0,0,0,0,0,0,0,0,5
kompozitor,composer,5,0,0,0,0,0,0,0,0,0,0,0,0,5
komunist,communist,1,4,0,0,0,0,0,0,0,0,0,0,0,5
kon,dance figure; round of a card game source: Stutchkoff,0,0,5,0,0,0,0,0,0,0,0,0,0,5
o,the letter O,0,5,0,0,0,0,0,0,0,0,0,0,0,5
porets,landowner; lord origin: porets(Ч¤ЦјЧЁЧ™ЧҐ) geder(Ч’Ч“ЧЁ),0,0,5,0,0,0,0,0,0,0,0,0,0,5
pukh,feather down; fluff,0,4,0,0,0,0,0,1,0,0,0,0,0,5
revolutsyoner,revolutionary (person),0,5,0,0,0,0,0,0,0,0,0,0,0,5
shadkhn,matchmaker,0,0,5,0,0,0,0,0,0,0,0,0,0,5
tyokh,thump (sound of a beating heart),0,5,0,0,0,0,0,0,0,0,0,0,0,5
ziger,adjectival form with -ish,5,0,0,0,0,0,0,0,0,0,0,0,0,5
tyokh,thump (sound of a beating heart),0,5,0,0,0,0,0,0,0,0,0,0,0,5
ziger,adjectival form with -ish,5,0,0,0,0,0,0,0,0,0,0,0,0,5
arbeter,worker,4,0,0,0,0,0,0,0,0,0,0,0,0,4
biblyograf,bibliographer,4,0,0,0,0,0,0,0,0,0,0,0,0,4
birger,adjectival form with -lekh,4,0,0,0,0,0,0,0,0,0,0,0,0,4
daytsh,Old German,0,4,0,0,0,0,0,0,0,0,0,0,0,4
demb,adjectival form with -ov,0,0,0,0,0,0,0,4,0,0,0,0,0,4
badiner,servant; attendant,4,0,0,0,0,0,0,0,0,0,0,0,0,4
feminist,feminist,0,4,0,0,0,0,0,0,0,0,0,0,0,4
gabe,charity overseer (Jewish religious functionary),0,0,4,0,0,0,0,0,0,0,0,0,0,4
ayngeyer,attendee; guest,4,0,0,0,0,0,0,0,0,0,0,0,0,4
goy,Christian man; nation,0,0,2,0,0,0,0,0,0,2,0,0,0,4
mitgrinder,co-founder,4,0,0,0,0,0,0,0,0,0,0,0,0,4
her,Mister; gentleman source: Harduf,1,0,1,0,0,0,0,1,0,1,0,0,0,4
her,mastery,1,0,1,0,0,0,0,1,0,1,0,0,0,4
kelner,waiter,2,2,0,0,0,0,0,0,0,0,0,0,0,4
koleg,has diminutive,4,0,0,0,0,0,0,0,0,0,0,0,0,4
kremer,storekeeper,1,3,0,0,0,0,0,0,0,0,0,0,0,4
meys,dead person,0,0,4,0,0,0,0,0,0,0,0,0,0,4
model,,0,4,0,0,0,0,0,0,0,0,0,0,0,4
noyef,adulterer; lecher,0,0,4,0,0,0,0,0,0,0,0,0,0,4
oks,diminutive with root eks,1,0,0,0,0,0,0,3,0,0,0,0,0,4
organizator,,4,0,0,0,0,0,0,0,0,0,0,0,0,4
oyfpaser,protector,1,3,0,0,0,0,0,0,0,0,0,0,0,4
pe,the letter P,0,0,1,0,0,0,0,0,0,3,0,0,0,4
pedagog,pedagogic,4,0,0,0,0,0,0,0,0,0,0,0,0,4
parshoyn,person,0,0,4,0,0,0,0,0,0,0,0,0,0,4
shakh,Shah,0,0,4,0,0,0,0,0,0,0,0,0,0,4
sheps,adjectival form with -en,0,0,0,0,0,0,0,4,0,0,0,0,0,4
shlyakh,path,0,0,4,0,0,0,0,0,0,0,0,0,0,4
shakh,game of chess doubtful admissibility,0,0,4,0,0,0,0,0,0,0,0,0,0,4
shtitser,supporter; sponsor,4,0,0,0,0,0,0,0,0,0,0,0,0,4
sotsyalist,socialist,0,4,0,0,0,0,0,0,0,0,0,0,0,4
spetsyalist,specialist,2,2,0,0,0,0,0,0,0,0,0,0,0,4
visnshaftler,scientist,4,0,0,0,0,0,0,0,0,0,0,0,0,4
virt,proprietor; boss; owner,4,0,0,0,0,0,0,0,0,0,0,0,0,4
voron,crow (bird),4,0,0,0,0,0,0,0,0,0,0,0,0,4
visnshaftler,scientist,4,0,0,0,0,0,0,0,0,0,0,0,0,4
virt,proprietor; boss; owner,4,0,0,0,0,0,0,0,0,0,0,0,0,4
voron,crow (bird),4,0,0,0,0,0,0,0,0,0,0,0,0,4
senator,senator,4,0,0,0,0,0,0,0,0,0,0,0,0,4
antropolog,antropological,3,0,0,0,0,0,0,0,0,0,0,0,0,3
artist,artist,1,2,0,0,0,0,0,0,0,0,0,0,0,3
atlas,atlas,0,0,0,0,0,0,0,3,0,0,0,0,0,3
ben,son,3,0,0,0,0,0,0,0,0,0,0,0,0,3
ben,member of the household,3,0,0,0,0,0,0,0,0,0,0,0,0,3
beton,concrete,0,0,0,0,0,0,0,3,0,0,0,0,0,3
brondz,adjectival form with -n,0,0,0,0,0,0,0,3,0,0,0,0,0,3
doktorant,doctoral student,2,1,0,0,0,0,0,0,0,0,0,0,0,3
drosh,homily,0,3,0,0,0,0,0,0,0,0,0,0,0,3
eygntimer,owner,3,0,0,0,0,0,0,0,0,0,0,0,0,3
eyzl,donkey (animal),0,0,3,0,0,0,0,0,0,0,0,0,0,3
fleger,personal attendant,3,0,0,0,0,0,0,0,0,0,0,0,0,3
fus,leg,0,0,3,0,0,0,0,0,0,0,0,0,0,3
fus,foot (measure of length),0,0,3,0,0,0,0,0,0,0,0,0,0,3
gastgeber,host; innkeeper,3,0,0,0,0,0,0,0,0,0,0,0,0,3
gersht,adjectival form with -n,0,0,0,0,0,0,0,3,0,0,0,0,0,3
gevir,wealthy person,0,0,3,0,0,0,0,0,0,0,0,0,0,3
gimnazist,high-school student,0,3,0,0,0,0,0,0,0,0,0,0,0,3
gets,idol; idiot,1,2,0,0,0,0,0,0,0,0,0,0,0,3
helfer,helper,3,0,0,0,0,0,0,0,0,0,0,0,0,3
intrigant,plotter,0,3,0,0,0,0,0,0,0,0,0,0,0,3
kegner,opposite; in opposition,3,0,0,0,0,0,0,0,0,0,0,0,0,3
khay,the number 18,0,3,0,0,0,0,0,0,0,0,0,0,0,3
khemiker,chemist,3,0,0,0,0,0,0,0,0,0,0,0,0,3
komedyant,comedian; buffoon,1,2,0,0,0,0,0,0,0,0,0,0,0,3
konkurent,rival,1,2,0,0,0,0,0,0,0,0,0,0,0,3
lingvist,linguist,1,2,0,0,0,0,0,0,0,0,0,0,0,3
mayster,expert (female),3,0,0,0,0,0,0,0,0,0,0,0,0,3
mekler,broker,3,0,0,0,0,0,0,0,0,0,0,0,0,3
imigrant,,0,3,0,0,0,0,0,0,0,0,0,0,0,3
mundir,has diminutive,0,0,3,0,0,0,0,0,0,0,0,0,0,3
neger,Negro was polite,1,0,2,0,0,0,0,0,0,0,0,0,0,3
nemer,taker,3,0,0,0,0,0,0,0,0,0,0,0,0,3
or,light,0,0,0,0,0,0,0,0,0,3,0,0,0,3
pap,pulp; paste,0,3,0,0,0,0,0,0,0,0,0,0,0,3
partizan,partisan,0,3,0,0,0,0,0,0,0,0,0,0,0,3
pas,pass,0,1,2,0,0,0,0,0,0,0,0,0,0,3
pas,belt; track (electronics); measuring tape,0,1,2,0,0,0,0,0,0,0,0,0,0,3
patryot,patriotic,0,3,0,0,0,0,0,0,0,0,0,0,0,3
patsyent,patient,0,3,0,0,0,0,0,0,0,0,0,0,0,3
perl,diminutive with root per,2,0,0,0,0,0,0,1,0,0,0,0,0,3
plyush,adjectival form with -n,0,0,0,0,0,0,0,3,0,0,0,0,0,3
rand,edge,0,3,0,0,0,0,0,0,0,0,0,0,0,3
rob,raven (bird); wren (bird),3,0,0,0,0,0,0,0,0,0,0,0,0,3
rabiner,Rabbinic,2,0,1,0,0,0,0,0,0,0,0,0,0,3
rus,soot,0,3,0,0,0,0,0,0,0,0,0,0,0,3
shklaf,slave,3,0,0,0,0,0,0,0,0,0,0,0,0,3
shnayder,tailor (occupation),2,1,0,0,0,0,0,0,0,0,0,0,0,3
shtifer,joking; bratty,1,2,0,0,0,0,0,0,0,0,0,0,0,3
shver,father-in-law of bride right after engagement; of groom after marriage,3,0,0,0,0,0,0,0,0,0,0,0,0,3
soldat,soldier,0,3,0,0,0,0,0,0,0,0,0,0,0,3
tur,tour; circuit; trip,3,0,0,0,0,0,0,0,0,0,0,0,0,3
vaks,adjectival form with -n,0,0,0,0,0,0,0,3,0,0,0,0,0,3
velsh,catfish,0,0,0,0,0,0,0,3,0,0,0,0,0,3
ben,favorite son,3,0,0,0,0,0,0,0,0,0,0,0,0,3
ben,has diminutive,3,0,0,0,0,0,0,0,0,0,0,0,0,3
oyfzeer,supervisor,3,0,0,0,0,0,0,0,0,0,0,0,0,3
zitser,sitter; buttocks,0,3,0,0,0,0,0,0,0,0,0,0,0,3
frantsoyz,Frenchman,2,1,0,0,0,0,0,0,0,0,0,0,0,3
frantsoyz,cockroach,2,1,0,0,0,0,0,0,0,0,0,0,0,3
tur,tour; circuit; trip,3,0,0,0,0,0,0,0,0,0,0,0,0,3
vaks,adjectival form with -n,0,0,0,0,0,0,0,3,0,0,0,0,0,3
velsh,catfish,0,0,0,0,0,0,0,3,0,0,0,0,0,3
ben,favorite son,3,0,0,0,0,0,0,0,0,0,0,0,0,3
ben,has diminutive,3,0,0,0,0,0,0,0,0,0,0,0,0,3
oyfzeer,supervisor,3,0,0,0,0,0,0,0,0,0,0,0,0,3
zitser,sitter; buttocks,0,3,0,0,0,0,0,0,0,0,0,0,0,3
frantsoyz,Frenchman,2,1,0,0,0,0,0,0,0,0,0,0,0,3
frantsoyz,cockroach,2,1,0,0,0,0,0,0,0,0,0,0,0,3
rus,cockroach,0,3,0,0,0,0,0,0,0,0,0,0,0,3
agent,agent,1,1,0,0,0,0,0,0,0,0,0,0,0,2
akademiker,academician source: Forwards,2,0,0,0,0,0,0,0,0,0,0,0,0,2
aktivist,activist,0,2,0,0,0,0,0,0,0,0,0,0,0,2
amt,office,2,0,0,0,0,0,0,0,0,0,0,0,0,2
asistent,assistant (English),1,1,0,0,0,0,0,0,0,0,0,0,0,2
bilyoner,billionaire,1,1,0,0,0,0,0,0,0,0,0,0,0,2
bundist,Bundist,1,1,0,0,0,0,0,0,0,0,0,0,0,2
bit,has diminutive,0,0,0,0,0,0,0,0,0,2,0,0,0,2
bor,boron (B),0,0,0,0,0,0,0,2,0,0,0,0,0,2
oysbrenger,spendthrift,2,0,0,0,0,0,0,0,0,0,0,0,0,2
dentist,dentist,2,0,0,0,0,0,0,0,0,0,0,0,0,2
dikh,thigh source: Harduf,0,0,2,0,0,0,0,0,0,0,0,0,0,2
diner,server,2,0,0,0,0,0,0,0,0,0,0,0,0,2
din,law,0,0,0,0,0,2,0,0,0,0,0,0,0,2
disk,plural in -n,2,0,0,0,0,0,0,0,0,0,0,0,0,2
dok,dock,0,0,2,0,0,0,0,0,0,0,0,0,0,2
don,Miss (Spanish,1,0,0,0,0,1,0,0,0,0,0,0,0,2
druker,printer,1,1,0,0,0,0,0,0,0,0,0,0,0,2
farerer,devotГ©e; suitor,2,0,0,0,0,0,0,0,0,0,0,0,0,2
fey,letter Feh,0,2,0,0,0,0,0,0,0,0,0,0,0,2
firsht,noblewoman,2,0,0,0,0,0,0,0,0,0,0,0,0,2
fisher,wife of a fisher,0,1,0,0,0,0,0,0,0,1,0,0,0,2
flaks,adjectival form with -n,0,0,0,0,0,0,0,2,0,0,0,0,0,2
fleytist,flautist,2,0,0,0,0,0,0,0,0,0,0,0,0,2
fliker,plucker,1,1,0,0,0,0,0,0,0,0,0,0,0,2
geler,blond; redhead,0,0,2,0,0,0,0,0,0,0,0,0,0,2
gratsh,hot-headed person,0,2,0,0,0,0,0,0,0,0,0,0,0,2
gris,greeting,0,2,0,0,0,0,0,0,0,0,0,0,0,2
gubernator,governor,1,0,0,0,0,0,0,0,0,1,0,0,0,2
farhak,standoff source: Yiddish League,0,0,2,0,0,0,0,0,0,0,0,0,0,2
hero,hero (English),2,0,0,0,0,0,0,0,0,0,0,0,0,2
hiter,guard; guardian,2,0,0,0,0,0,0,0,0,0,0,0,0,2
koyfer,atheist,2,0,0,0,0,0,0,0,0,0,0,0,0,2
imperator,empress,2,0,0,0,0,0,0,0,0,0,0,0,0,2
kam,comb; mountain crest,2,0,0,0,0,0,0,0,0,0,0,0,0,2
karton,adjectival form with -en,0,0,0,0,0,0,0,2,0,0,0,0,0,2
kern,seed,0,0,0,0,0,2,0,0,0,0,0,0,0,2
keyser,czar,2,0,0,0,0,0,0,0,0,0,0,0,0,2
keyser,Kaiser,2,0,0,0,0,0,0,0,0,0,0,0,0,2
khoreograf,choreographer,2,0,0,0,0,0,0,0,0,0,0,0,0,2
kit,putty,0,0,0,0,0,0,0,0,0,2,0,0,0,2
klin,wedge,2,0,0,0,0,0,0,0,0,0,0,0,0,2
kof,letter Kof,0,0,2,0,0,0,0,0,0,0,0,0,0,2
kekher,cook,2,0,0,0,0,0,0,0,0,0,0,0,0,2
komentator,commentator; popularizer,2,0,0,0,0,0,0,0,0,0,0,0,0,2
koordinirer,coordinator,2,0,0,0,0,0,0,0,0,0,0,0,0,2
koyfer,buyer,2,0,0,0,0,0,0,0,0,0,0,0,0,2
ku,the letter Q,0,2,0,0,0,0,0,0,0,0,0,0,0,2
kuzin,cousin,0,2,0,0,0,0,0,0,0,0,0,0,0,2
kvit,receipt,0,1,0,0,0,0,0,0,0,1,0,0,0,2
farleger,publisher,0,0,2,0,0,0,0,0,0,0,0,0,0,2
man,male,0,0,2,0,0,0,0,0,0,0,0,0,0,2
man,has diminutive,0,0,2,0,0,0,0,0,0,0,0,0,0,2
man,manna,0,0,2,0,0,0,0,0,0,0,0,0,0,2
martirer,martyr,1,0,0,0,0,0,0,0,0,1,0,0,0,2
marts,adjectival form with -ov,2,0,0,0,0,0,0,0,0,0,0,0,0,2
mashinist,machinist,0,2,0,0,0,0,0,0,0,0,0,0,0,2
minister,minister,1,0,0,0,0,0,0,0,0,1,0,0,0,2
mon,poppy,0,0,2,0,0,0,0,0,0,0,0,0,0,2
merder,murderous,1,0,0,0,0,0,0,0,0,1,0,0,0,2
muzikolog,musicologist,2,0,0,0,0,0,0,0,0,0,0,0,0,2
nos,sneeze,0,2,0,0,0,0,0,0,0,0,0,0,0,2
odler,eagle (bird); horse (balegole-loshn),0,2,0,0,0,0,0,0,0,0,0,0,0,2
parashutist,parachutist,0,2,0,0,0,0,0,0,0,0,0,0,0,2
parmet,parchment,0,0,0,0,0,0,0,2,0,0,0,0,0,2
patsh,tap,0,2,0,0,0,0,0,0,0,0,0,0,0,2
pefer,lazybones,1,1,0,0,0,0,0,0,0,0,0,0,0,2
psikholog,psychologist,2,0,0,0,0,0,0,0,0,0,0,0,0,2
publitsist,publicist,2,0,0,0,0,0,0,0,0,0,0,0,0,2
reter,rescue,2,0,0,0,0,0,0,0,0,0,0,0,0,2
redner,speaker,2,0,0,0,0,0,0,0,0,0,0,0,0,2
reprezentant,representative,1,1,0,0,0,0,0,0,0,0,0,0,0,2
retsenzent,reviewer,2,0,0,0,0,0,0,0,0,0,0,0,0,2
sarver,waiter,2,0,0,0,0,0,0,0,0,0,0,0,0,2
shafer,creator,2,0,0,0,0,0,0,0,0,0,0,0,0,2
shames,has diminutive,0,0,2,0,0,0,0,0,0,0,0,0,0,2
shenker,innkeeper,1,1,0,0,0,0,0,0,0,0,0,0,0,2
shmokh,diminutive with root shmeykh,0,0,2,0,0,0,0,0,0,0,0,0,0,2
shokolad,chocolate,0,2,0,0,0,0,0,0,0,0,0,0,0,2
opshprekher,curse remover,0,2,0,0,0,0,0,0,0,0,0,0,0,2
shvayger,silent person,2,0,0,0,0,0,0,0,0,0,0,0,0,2
soykher,merchant,0,0,2,0,0,0,0,0,0,0,0,0,0,2
skulptor,sculptor,1,0,0,0,0,0,0,0,0,1,0,0,0,2
sos,gravy,0,2,0,0,0,0,0,0,0,0,0,0,0,2
sportler,sportsman,2,0,0,0,0,0,0,0,0,0,0,0,0,2
star,star (theatrical),0,1,0,0,0,0,0,0,0,1,0,0,0,2
oystaytsher,interpreter,2,0,0,0,0,0,0,0,0,0,0,0,0,2
din,judicial case (religous),0,0,0,0,0,2,0,0,0,0,0,0,0,2
dertseyler,storyteller,2,0,0,0,0,0,0,0,0,0,0,0,0,2
tson,diminutive with root tseynd,2,0,0,0,0,0,0,0,0,0,0,0,0,2
tsushoyer,audience doubtful admissibility,2,0,0,0,0,0,0,0,0,0,0,0,0,2
vegvayzer,directory,2,0,0,0,0,0,0,0,0,0,0,0,0,2
bazitser,owner,2,0,0,0,0,0,0,0,0,0,0,0,0,2
bazukher,visitor,2,0,0,0,0,0,0,0,0,0,0,0,0,2
din,judicial case (religous),0,0,0,0,0,2,0,0,0,0,0,0,0,2
dertseyler,storyteller,2,0,0,0,0,0,0,0,0,0,0,0,0,2
tson,diminutive with root tseynd,2,0,0,0,0,0,0,0,0,0,0,0,0,2
tsushoyer,audience doubtful admissibility,2,0,0,0,0,0,0,0,0,0,0,0,0,2
vegvayzer,directory,2,0,0,0,0,0,0,0,0,0,0,0,0,2
bazitser,owner,2,0,0,0,0,0,0,0,0,0,0,0,0,2
bazukher,visitor,2,0,0,0,0,0,0,0,0,0,0,0,0,2
tsiyenist,Zionist,0,2,0,0,0,0,0,0,0,0,0,0,0,2
balegole,wagoneer,0,0,0,0,0,0,0,0,0,1,0,0,0,1
balegole,wagoneer,0,0,0,0,0,0,0,0,0,1,0,0,0,1
akordyonist,accordionist,1,0,0,0,0,0,0,0,0,0,0,0,0,1
analfabet,adjectival form with -ish,0,1,0,0,0,0,0,0,0,0,0,0,0,1
psikhoanalitiker,psychoanalyst,1,0,0,0,0,0,0,0,0,0,0,0,0,1
analitiker,analyst,1,0,0,0,0,0,0,0,0,0,0,0,0,1
anarkhist,adjective,0,1,0,0,0,0,0,0,0,0,0,0,0,1
apteyker,pharmacist,1,0,0,0,0,0,0,0,0,0,0,0,0,1
aristokrat,aristocrat,0,1,0,0,0,0,0,0,0,0,0,0,0,1
beker,baker,1,0,0,0,0,0,0,0,0,0,0,0,0,1
bandit,bandit,0,1,0,0,0,0,0,0,0,0,0,0,0,1
baron,baron,0,0,0,0,0,0,0,0,0,0,0,0,1,1
bas,adjectival form with -ov,1,0,0,0,0,0,0,0,0,0,0,0,0,1
bok,male goat,0,0,0,0,0,0,0,0,0,1,0,0,0,1
bruder,adjectival form with -ish,0,1,0,0,0,0,0,0,0,0,0,0,0,1
buk,beech (tree),1,0,0,0,0,0,0,0,0,0,0,0,0,1
bus,bus source: Stutchkoff,0,1,0,0,0,0,0,0,0,0,0,0,0,1
byolog,byologist,1,0,0,0,0,0,0,0,0,0,0,0,0,1
daf,page,0,1,0,0,0,0,0,0,0,0,0,0,0,1
diment,has diminutive,0,0,0,0,0,0,0,1,0,0,0,0,0,1
av,head Rabbi,1,0,0,0,0,0,0,0,0,0,0,0,0,1
bading,plural in -n,0,0,1,0,0,0,0,0,0,0,0,0,0,1
dor,the generation,1,0,0,0,0,0,0,0,0,0,0,0,0,1
ef,the letter F,0,0,0,0,0,0,0,1,0,0,0,0,0,1
ekspert,adjective,1,0,0,0,0,0,0,0,0,0,0,0,0,1
elf,adjectival form with -ish,0,0,1,0,0,0,0,0,0,0,0,0,0,1
entfer,answer,0,1,0,0,0,0,0,0,0,0,0,0,0,1
entuzyast,enthusiast,0,0,0,0,0,0,0,0,0,1,0,0,0,1
er,the letter R,1,0,0,0,0,0,0,0,0,0,0,0,0,1
es,the letter S,0,0,1,0,0,0,0,0,0,0,0,0,0,1
felsher,forger,1,0,0,0,0,0,0,0,0,0,0,0,0,1
feldz,cliff,0,0,0,0,0,0,0,1,0,0,0,0,0,1
filosof,philosopher,1,0,0,0,0,0,0,0,0,0,0,0,0,1
unterfirer,bridesmaid,0,1,0,0,0,0,0,0,0,0,0,0,0,1
oysforsher,researcher,1,0,0,0,0,0,0,0,0,0,0,0,0,1
fotograf,photographer,0,1,0,0,0,0,0,0,0,0,0,0,0,1
freger,questioner; inquisitive person,0,1,0,0,0,0,0,0,0,0,0,0,0,1
general,wife of a a general,0,0,0,0,0,0,0,0,0,1,0,0,0,1
geyer,traveler,0,1,0,0,0,0,0,0,0,0,0,0,0,1
forgeyer,advance guard,1,0,0,0,0,0,0,0,0,0,0,0,0,1
foroysgeyer,predecessor source: D-H Katz,1,0,0,0,0,0,0,0,0,0,0,0,0,1
nokhgeyer,follower,1,0,0,0,0,0,0,0,0,0,0,0,0,1
gift,poisonous,0,0,0,0,0,0,1,0,0,0,0,0,0,1
gimnast,gymnast,0,1,0,0,0,0,0,0,0,0,0,0,0,1
gos,drop,1,0,0,0,0,0,0,0,0,0,0,0,0,1
mitglid,member,1,0,0,0,0,0,0,0,0,0,0,0,0,1
glok,diminutive with root glek,0,1,0,0,0,0,0,0,0,0,0,0,0,1
gram,gram,1,0,0,0,0,0,0,0,0,0,0,0,0,1
gram,rhymer,1,0,0,0,0,0,0,0,0,0,0,0,0,1
heker,butcher,1,0,0,0,0,0,0,0,0,0,0,0,0,1
bukhhalter,adjectival form with -ish,1,0,0,0,0,0,0,0,0,0,0,0,0,1
hebreist,Hebraist,0,1,0,0,0,0,0,0,0,0,0,0,0,1
tsuherer,attentive listener,1,0,0,0,0,0,0,0,0,0,0,0,0,1
unterher,eavesdropping,0,0,1,0,0,0,0,0,0,0,0,0,0,1
hertsog,duke source: Harduf,1,0,0,0,0,0,0,0,0,0,0,0,0,1
higer,local person,0,0,0,0,0,0,0,0,0,1,0,0,0,1
himl,heavenly; celestial,0,0,0,0,0,0,0,0,0,1,0,0,0,1
hober,adjectival form with -n,1,0,0,0,0,0,0,0,0,0,0,0,0,1
hok,hook source: Harduf,1,0,0,0,0,0,0,0,0,0,0,0,0,1
hultay,merrymaker; scoundrel; libertine,0,1,0,0,0,0,0,0,0,0,0,0,0,1
instruktor,instructor,1,0,0,0,0,0,0,0,0,0,0,0,0,1
intelektual,intellectual,1,0,0,0,0,0,0,0,0,0,0,0,0,1
invalid,invalid (person),0,1,0,0,0,0,0,0,0,0,0,0,0,1
ish,man,0,0,0,0,0,1,0,0,0,0,0,0,0,1
kafe,cafГ©,1,0,0,0,0,0,0,0,0,0,0,0,0,1
kantor,cantor,0,1,0,0,0,0,0,0,0,0,0,0,0,1
karantin,quarantine,0,1,0,0,0,0,0,0,0,0,0,0,0,1
rosh,community leader,0,1,0,0,0,0,0,0,0,0,0,0,0,1
shprakhkener,linguist,1,0,0,0,0,0,0,0,0,0,0,0,0,1
klap,blow,0,1,0,0,0,0,0,0,0,0,0,0,0,1
geklap,knock,0,0,1,0,0,0,0,0,0,0,0,0,0,1
klarnetist,clarinet player,0,1,0,0,0,0,0,0,0,0,0,0,0,1
klezmer,musician,0,1,0,0,0,0,0,0,0,0,0,0,0,1
kod,code,0,0,0,0,0,0,0,0,0,1,0,0,0,1
kolonist,colonist,0,1,0,0,0,0,0,0,0,0,0,0,0,1
komisar,precinct,1,0,0,0,0,0,0,0,0,0,0,0,0,1
konduktor,conductor,0,0,0,0,0,0,0,0,0,1,0,0,0,1
kosmetiker,beautician source: Yiddish League,1,0,0,0,0,0,0,0,0,0,0,0,0,1
oysfarkoyf,sale,0,0,1,0,0,0,0,0,0,0,0,0,0,1
gekrakh,crashing noise,0,0,1,0,0,0,0,0,0,0,0,0,0,1
kretshmer,tavern keeper,0,1,0,0,0,0,0,0,0,0,0,0,0,1
kriger,fight,1,0,0,0,0,0,0,0,0,0,0,0,0,1
krikher,crawler,0,1,0,0,0,0,0,0,0,0,0,0,0,1
krishtol,adjectival form with -ik,0,0,0,0,0,0,0,1,0,0,0,0,0,1
kund,customer doubtful admissibility,1,0,0,0,0,0,0,0,0,0,0,0,0,1
kush,kissing,1,0,0,0,0,0,0,0,0,0,0,0,0,1
oyslender,foreigner,1,0,0,0,0,0,0,0,0,0,0,0,0,1
tseleyger,big shot,0,1,0,0,0,0,0,0,0,0,0,0,0,1
liverant,contractor,1,0,0,0,0,0,0,0,0,0,0,0,0,1
lyustrin,lustrine silk (glossy fabric),0,0,0,0,0,0,0,1,0,0,0,0,0,1
magnat,magnate,0,1,0,0,0,0,0,0,0,0,0,0,0,1
may,month of may,0,0,1,0,0,0,0,0,0,0,0,0,0,1
mayser,tithe,1,0,0,0,0,0,0,0,0,0,0,0,0,1
maynster,master variant,1,0,0,0,0,0,0,0,0,0,0,0,0,1
mer,problem,1,0,0,0,0,0,0,0,0,0,0,0,0,1
meyn,intention,0,1,0,0,0,0,0,0,0,0,0,0,0,1
meyor,mayor (American),1,0,0,0,0,0,0,0,0,0,0,0,0,1
emigrant,emigration,0,1,0,0,0,0,0,0,0,0,0,0,0,1
milyarder,billionaire,1,0,0,0,0,0,0,0,0,0,0,0,0,1
khol,intermediate day of a festival,1,0,0,0,0,0,0,0,0,0,0,0,0,1
nar,foolish,0,0,0,1,0,0,0,0,0,0,0,0,0,1
nits,useful,0,0,0,0,0,0,0,0,0,1,0,0,0,1
observator,observer,1,0,0,0,0,0,0,0,0,0,0,0,0,1
ofitsir,officers wife,1,0,0,0,0,0,0,0,0,0,0,0,0,1
ol,yoke,0,0,1,0,0,0,0,0,0,0,0,0,0,1
orator,adjectival form with -ish,1,0,0,0,0,0,0,0,0,0,0,0,0,1
pastekh,shepherd,0,1,0,0,0,0,0,0,0,0,0,0,0,1
pat,standoff,1,0,0,0,0,0,0,0,0,0,0,0,0,1
patsher,slapper,0,1,0,0,0,0,0,0,0,0,0,0,0,1
mansparshoyn,male human,0,0,1,0,0,0,0,0,0,0,0,0,0,1
pilot,pilot source: Harduf,1,0,0,0,0,0,0,0,0,0,0,0,0,1
pint,pint (liquid measure),0,0,0,0,0,0,0,0,0,1,0,0,0,1
plis,adjectival form with -n,0,0,0,0,0,0,0,1,0,0,0,0,0,1
plit,vinyl record; raft,0,1,0,0,0,0,0,0,0,0,0,0,0,1
polir,polish; surface glow,0,0,1,0,0,0,0,0,0,0,0,0,0,1
poyl,adverb,0,0,0,0,0,0,1,0,0,0,0,0,0,1
poyl,result,0,0,0,0,0,0,1,0,0,0,0,0,0,1
praktikant,intern (student),0,1,0,0,0,0,0,0,0,0,0,0,0,1
premyer,prime minister,0,0,0,0,0,0,0,0,0,1,0,0,0,1
prent,slice (of bread) (food),0,0,0,0,0,0,0,0,0,1,0,0,0,1
prister,pagan priest,1,0,0,0,0,0,0,0,0,0,0,0,0,1
produtsirer,producer,1,0,0,0,0,0,0,0,0,0,0,0,0,1
radikal,gradable adjective,0,1,0,0,0,0,0,0,0,0,0,0,0,1
farrat,plural in -s,0,0,0,0,0,0,0,1,0,0,0,0,0,1
reder,speaker,1,0,0,0,0,0,0,0,0,0,0,0,0,1
referent,lecturer,1,0,0,0,0,0,0,0,0,0,0,0,0,1
rim,rubble,0,0,0,0,0,0,0,1,0,0,0,0,0,1
rosh,head; chief berosh(Ч‘ЧЁЧђЦёЧ©) adverb,0,1,0,0,0,0,0,0,0,0,0,0,0,1
shel,tefillin worn on the head,0,1,0,0,0,0,0,0,0,0,0,0,0,1
rov,ditch,0,0,0,0,0,0,1,0,0,0,0,0,0,1
rov,the Rabbi,0,0,0,0,0,0,1,0,0,0,0,0,0,1
rebe,adjectival form with -sh,0,1,0,0,0,0,0,0,0,0,0,0,0,1
rubin,diminutive with root rubind,0,0,0,0,0,0,0,1,0,0,0,0,0,1
rulet,window blind,0,1,0,0,0,0,0,0,0,0,0,0,0,1
rum,glory,0,1,0,0,0,0,0,0,0,0,0,0,0,1
sanitar,cleaning person,0,1,0,0,0,0,0,0,0,0,0,0,0,1
shoykhet,ritual slaughterer,0,1,0,0,0,0,0,0,0,0,0,0,0,1
shel,diamonds (playing cards) no plural?,0,1,0,0,0,0,0,0,0,0,0,0,0,1
shmeker,nose,1,0,0,0,0,0,0,0,0,0,0,0,0,1
tsushnayder,cutter (occupation),1,0,0,0,0,0,0,0,0,0,0,0,0,1
shnorer,beggar; mooch,1,0,0,0,0,0,0,0,0,0,0,0,0,1
shokher,black man code,0,0,1,0,0,0,0,0,0,0,0,0,0,1
shoykhet,ritual slaughterer,0,1,0,0,0,0,0,0,0,0,0,0,0,1
shpyon,espionage,0,1,0,0,0,0,0,0,0,0,0,0,0,1
shpits,adjectival form with -ekhik,0,0,0,0,0,0,0,1,0,0,0,0,0,1
shpringer,jumper; knight (chess piece),0,1,0,0,0,0,0,0,0,0,0,0,0,1
bashrayber,adjectival form with -ish,1,0,0,0,0,0,0,0,0,0,0,0,0,1
shtekher,hole puncher,0,1,0,0,0,0,0,0,0,0,0,0,0,1
tsushteler,provider,1,0,0,0,0,0,0,0,0,0,0,0,0,1
oyfshtand,uprising; rebellion,1,0,0,0,0,0,0,0,0,0,0,0,0,1
shteyger,adjectival form with -ish,0,0,0,0,0,0,0,0,0,1,0,0,0,1
burshtin,diminutive with root burshtind,0,0,0,0,0,0,0,1,0,0,0,0,0,1
shtrik,has diminutive,0,0,0,0,0,0,0,1,0,0,0,0,0,1
shvindler,adjectival form with -ish,1,0,0,0,0,0,0,0,0,0,0,0,0,1
bar,expert; authority,1,0,0,0,0,0,0,0,0,0,0,0,0,1
styuard,steward,0,1,0,0,0,0,0,0,0,0,0,0,0,1
sus,horse,1,0,0,0,0,0,0,0,0,0,0,0,0,1
taran,roach fish (family Cyprinidae),0,1,0,0,0,0,0,0,0,0,0,0,0,1
tayt,meaning,0,0,0,0,0,0,0,0,0,1,0,0,0,1
tayvl,devil,0,0,0,0,0,0,0,0,0,1,0,0,0,1
tekhniker,technician,1,0,0,0,0,0,0,0,0,0,0,0,0,1
teoretiker,theoretician,1,0,0,0,0,0,0,0,0,0,0,0,0,1
teritoryalist,territorialist (Jews should have their own Yiddish-speaking country],0,0,0,0,0,0,0,0,0,1,0,0,0,1
tolk,coherent,1,0,0,0,0,0,0,0,0,0,0,0,0,1
tom,void,1,0,0,0,0,0,0,0,0,0,0,0,0,1
ton,tone,1,0,0,0,0,0,0,0,0,0,0,0,0,1
ton,ton (weight),1,0,0,0,0,0,0,0,0,0,0,0,0,1
top,diminutive with root tep,0,1,0,0,0,0,0,0,0,0,0,0,0,1
toter,adjectival form with -ish,0,0,0,0,0,0,0,0,0,1,0,0,0,1
fartreter,representative,1,0,0,0,0,0,0,0,0,0,0,0,0,1
tse,the letter C,0,0,0,0,0,0,0,0,0,1,0,0,0,1
tsement,cement,0,0,0,0,0,0,0,1,0,0,0,0,0,1
tshek,check (monetary instrument),1,0,0,0,0,0,0,0,0,0,0,0,0,1
tsier,painting,1,0,0,0,0,0,0,0,0,0,0,0,0,1
tsin,adjectival form with -ern,0,0,0,0,0,0,0,1,0,0,0,0,0,1
tsiter,trembling,0,1,0,0,0,0,0,0,0,0,0,0,0,1
tsits,adjectival form with -n,0,0,0,0,0,0,0,1,0,0,0,0,0,1
tunker,plural in -s,1,0,0,0,0,0,0,0,0,0,0,0,0,1
tyul,no plural,0,0,0,0,0,0,0,1,0,0,0,0,0,1
vad,council,0,0,0,0,0,0,0,0,0,1,0,0,0,1
vals,waltz (dance),1,0,0,0,0,0,0,0,0,0,0,0,0,1
varfer,pitcher,1,0,0,0,0,0,0,0,0,0,0,0,0,1
vesher,washer (person),1,0,0,0,0,0,0,0,0,0,0,0,0,1
ve,the letter V,0,0,1,0,0,0,0,0,0,0,0,0,0,1
vint,adjectival form with -ik,0,0,0,0,0,0,0,0,0,1,0,0,0,1
virtuoz,adjectival form with -n,1,0,0,0,0,0,0,0,0,0,0,0,0,1
vist,whist (card game),0,0,0,0,0,0,1,0,0,0,0,0,0,1
vov,Hebrew letter Vav,1,0,0,0,0,0,0,0,0,0,0,0,0,1
mitvoyner,roommate,1,0,0,0,0,0,0,0,0,0,0,0,0,1
vyorst,verst (about 0.66 miles) (Russian РІРµСЂСЃС‚Р°),0,1,0,0,0,0,0,0,0,0,0,0,0,1
shel,tefillin worn on the arm,0,1,0,0,0,0,0,0,0,0,0,0,0,1
yar,gulch,0,0,0,0,0,0,0,0,0,1,0,0,0,1
yom,the day,0,1,0,0,0,0,0,0,0,0,0,0,0,1
yuri,adjectival form with -dish,0,0,0,0,0,0,0,0,0,1,0,0,0,1
forzetser,person who continues (with fun),1,0,0,0,0,0,0,0,0,0,0,0,0,1
shtubzitser,stay-at-home source: Bashevis,1,0,0,0,0,0,0,0,0,0,0,0,0,1
bazukh,visit,0,0,1,0,0,0,0,0,0,0,0,0,0,1
zukher,seeker,1,0,0,0,0,0,0,0,0,0,0,0,0,1
hitler,,0,0,0,0,0,0,0,0,0,1,0,0,0,1
tolk,coherent,1,0,0,0,0,0,0,0,0,0,0,0,0,1
tom,void,1,0,0,0,0,0,0,0,0,0,0,0,0,1
ton,tone,1,0,0,0,0,0,0,0,0,0,0,0,0,1
ton,ton (weight),1,0,0,0,0,0,0,0,0,0,0,0,0,1
top,diminutive with root tep,0,1,0,0,0,0,0,0,0,0,0,0,0,1
toter,adjectival form with -ish,0,0,0,0,0,0,0,0,0,1,0,0,0,1
fartreter,representative,1,0,0,0,0,0,0,0,0,0,0,0,0,1
tse,the letter C,0,0,0,0,0,0,0,0,0,1,0,0,0,1
tsement,cement,0,0,0,0,0,0,0,1,0,0,0,0,0,1
tshek,check (monetary instrument),1,0,0,0,0,0,0,0,0,0,0,0,0,1
tsier,painting,1,0,0,0,0,0,0,0,0,0,0,0,0,1
tsin,adjectival form with -ern,0,0,0,0,0,0,0,1,0,0,0,0,0,1
tsiter,trembling,0,1,0,0,0,0,0,0,0,0,0,0,0,1
tsits,adjectival form with -n,0,0,0,0,0,0,0,1,0,0,0,0,0,1
tunker,plural in -s,1,0,0,0,0,0,0,0,0,0,0,0,0,1
tyul,no plural,0,0,0,0,0,0,0,1,0,0,0,0,0,1
vad,council,0,0,0,0,0,0,0,0,0,1,0,0,0,1
vals,waltz (dance),1,0,0,0,0,0,0,0,0,0,0,0,0,1
varfer,pitcher,1,0,0,0,0,0,0,0,0,0,0,0,0,1
vesher,washer (person),1,0,0,0,0,0,0,0,0,0,0,0,0,1
ve,the letter V,0,0,1,0,0,0,0,0,0,0,0,0,0,1
vint,adjectival form with -ik,0,0,0,0,0,0,0,0,0,1,0,0,0,1
virtuoz,adjectival form with -n,1,0,0,0,0,0,0,0,0,0,0,0,0,1
vist,whist (card game),0,0,0,0,0,0,1,0,0,0,0,0,0,1
vov,Hebrew letter Vav,1,0,0,0,0,0,0,0,0,0,0,0,0,1
mitvoyner,roommate,1,0,0,0,0,0,0,0,0,0,0,0,0,1
vyorst,verst (about 0.66 miles) (Russian РІРµСЂСЃС‚Р°),0,1,0,0,0,0,0,0,0,0,0,0,0,1
shel,tefillin worn on the arm,0,1,0,0,0,0,0,0,0,0,0,0,0,1
yar,gulch,0,0,0,0,0,0,0,0,0,1,0,0,0,1
forzetser,person who continues (with fun),1,0,0,0,0,0,0,0,0,0,0,0,0,1
zukher,seeker,1,0,0,0,0,0,0,0,0,0,0,0,0,1
hitler,,0,0,0,0,0,0,0,0,0,1,0,0,0,1